Categoria,Título,Canal,Link
Musculação,O MELHOR PÓS TREINO PARA O SEU BIOTIPO,Renato Cariani,https://www.youtube.com/watch?v=udwuPMhdDLM&list=PLWBcDIDlsDmpK2MIfHI0NhqMcs0Pqc20z
Musculação,COMO FAZER A DIETA DO CICLO DE CARBO,Renato Cariani,https://www.youtube.com/watch?v=WzJAHB4IuqM&list=PLWBcDIDlsDmpK2MIfHI0NhqMcs0Pqc20z
Musculação,REFEIÇÃO PRÉ TREINO - ALIMENTOS E SUPLEMENTOS,Renato Cariani,https://www.youtube.com/watch?v=tKe2QKKmTyk&list=PLWBcDIDlsDmpK2MIfHI0NhqMcs0Pqc20z
Musculação,"TUDO O QUE UM MESOMORFO PRECISA SABER ( dieta, calorias, cardio, treinos )",Renato Cariani,https://www.youtube.com/watch?v=PHViCLQf8hc&list=PLWBcDIDlsDmpK2MIfHI0NhqMcs0Pqc20z
Musculação,CRESCER ASSIM É FÁCIL!!!,Renato Cariani,https://www.youtube.com/watch?v=IJB7vwNDRxE&list=PLWBcDIDlsDmpK2MIfHI0NhqMcs0Pqc20z
Musculação,DESCUBRA SEU BIOTIPO - É SUPER FÁCIL !,Renato Cariani,https://www.youtube.com/watch?v=UTHHEOqJIaU&list=PLWBcDIDlsDmpK2MIfHI0NhqMcs0Pqc20z
Musculação,"""SEMPRE SOUBE O QUE QUERIA"" : RAFA BRANDÃO - CARIANI PERGUNTA",Renato Cariani,https://www.youtube.com/watch?v=CGmV-T82Z0I&list=PLWBcDIDlsDmpK2MIfHI0NhqMcs0Pqc20z
Musculação,CARIANI PERGUNTA - RAFA BRANDÃO PRO - PARTE 1,Renato Cariani,https://www.youtube.com/watch?v=ZgkgWoVBkLI&list=PLWBcDIDlsDmpK2MIfHI0NhqMcs0Pqc20z
Musculação,OS 04 TERMOGÊNICOS MAIS VIOLENTOS QUE EXISTEM !!,Renato Cariani,https://www.youtube.com/watch?v=j2zRG00AK9M&list=PLWBcDIDlsDmpK2MIfHI0NhqMcs0Pqc20z
Musculação,OS 04 MAIORES VILÕES DA DEFINIÇÃO MUSCULAR,Renato Cariani,https://www.youtube.com/watch?v=UO7V0p6iWNg&list=PLWBcDIDlsDmpK2MIfHI0NhqMcs0Pqc20z
Musculação,BULKING VS CUTTING - QUAL DEVO FAZER?,Renato Cariani,https://www.youtube.com/watch?v=eYw10olOBbA&list=PLWBcDIDlsDmpK2MIfHI0NhqMcs0Pqc20z
Musculação,TUDO QUE UM ENDOMORFO PRECISA SABER !!!,Renato Cariani,https://www.youtube.com/watch?v=ihMBd28tRcQ&list=PLWBcDIDlsDmpK2MIfHI0NhqMcs0Pqc20z
Musculação,PIORES E MELHORES ALIMENTOS PARA QUANDO ESTIVER COM FOME,Renato Cariani,https://www.youtube.com/watch?v=jMJgz8lO4hg&list=PLWBcDIDlsDmpK2MIfHI0NhqMcs0Pqc20z
Musculação,RECEITA FIT FÁCIL E GOSTOSA - TAPIOCA DE FRANGO - RECEITAS DA TATI,Renato Cariani,https://www.youtube.com/watch?v=trWHdeywUY0&list=PLWBcDIDlsDmpK2MIfHI0NhqMcs0Pqc20z
Musculação,5 DICAS QUE TODO ECTOMORFO PRECISA SEGUIR,Renato Cariani,https://www.youtube.com/watch?v=ASX50MP0Vdo&list=PLWBcDIDlsDmpK2MIfHI0NhqMcs0Pqc20z
Musculação,COMO CALCULAR E MONTAR SUA PRÓPRIA DIETA,Renato Cariani,https://www.youtube.com/watch?v=uxiGNchGu3A&list=PLWBcDIDlsDmpK2MIfHI0NhqMcs0Pqc20z
Musculação,COMO FICAR SECO O ANO INTEIRO?,Renato Cariani,https://www.youtube.com/watch?v=MVwqvaYA_Bc&list=PLWBcDIDlsDmpK2MIfHI0NhqMcs0Pqc20z
Musculação,É POSSÍVEL QUEIMAR GORDURA LOCALIZADA?,Renato Cariani,https://www.youtube.com/watch?v=BYzi7vxFWR8&list=PLWBcDIDlsDmpK2MIfHI0NhqMcs0Pqc20z
Musculação,QUAL É O MOMENTO CERTO PARA FAZER O PRIMEIRO CICLO,Renato Cariani,https://www.youtube.com/watch?v=iOSpQXisMt0&list=PLWBcDIDlsDmpK2MIfHI0NhqMcs0Pqc20z
Musculação,CARNE DE PORCO É MELHOR QUE FRANGO?,Renato Cariani,https://www.youtube.com/watch?v=Le9LVXBVth0&list=PLWBcDIDlsDmpK2MIfHI0NhqMcs0Pqc20z
Musculação,PEDRA NO RIM? TUDO SOBRE CREATINA,Renato Cariani,https://www.youtube.com/watch?v=I0QjKxBVjrE&list=PLWBcDIDlsDmpK2MIfHI0NhqMcs0Pqc20z
Musculação,MELHOR DIVISÃO DE TREINO PARA ATLETAS NATURAIS,Renato Cariani,https://www.youtube.com/watch?v=GiGISXboJc8&list=PLWBcDIDlsDmpK2MIfHI0NhqMcs0Pqc20z
Musculação,SAIBA A QUANTIDADE CERTA DO SAL NA SUA DIETA,Renato Cariani,https://www.youtube.com/watch?v=dHc6iL84eS0&list=PLWBcDIDlsDmpK2MIfHI0NhqMcs0Pqc20z
Musculação,TUDO O QUE NÃO TE CONTARAM SOBRE ALIMENTOS DIET E LIGHT,Renato Cariani,https://www.youtube.com/watch?v=SYkquxgPocw&list=PLWBcDIDlsDmpK2MIfHI0NhqMcs0Pqc20z
Musculação,DIETA LOW CARB / TUDO O QUE VOCÊ PRECISA SABER,Renato Cariani,https://www.youtube.com/watch?v=aBc8aIiYikM&list=PLWBcDIDlsDmpK2MIfHI0NhqMcs0Pqc20z
Musculação,5 DICAS PARA UM INICIANTE NA ACADEMIA,Renato Cariani,https://www.youtube.com/watch?v=No6n6r5INkU&list=PLWBcDIDlsDmpK2MIfHI0NhqMcs0Pqc20z
Musculação,ÁUDIOS VAZADOS DO TOGURO - MINHA OPINIÃO,Renato Cariani,https://www.youtube.com/watch?v=Q28KYpMZQ_k&list=PLWBcDIDlsDmpK2MIfHI0NhqMcs0Pqc20z
Musculação,"FUROU A DIETA? CALMA, SABEMOS COMO RESOLVER !",Renato Cariani,https://www.youtube.com/watch?v=h25Ro2TO_qM&list=PLWBcDIDlsDmpK2MIfHI0NhqMcs0Pqc20z
Musculação,MELHORES CARBOIDRATOS PARA GANHAR MÚSCULOS,Renato Cariani,https://www.youtube.com/watch?v=ZzdIvW5PNSo&list=PLWBcDIDlsDmpK2MIfHI0NhqMcs0Pqc20z
Musculação,TRANSFORME SEU CORPO - FALSO MAGRO,Renato Cariani,https://www.youtube.com/watch?v=Z4oVWtvN_jQ&list=PLWBcDIDlsDmpK2MIfHI0NhqMcs0Pqc20z
Musculação,05 ERROS FATAIS NO GANHO DE MASSA MUSCULAR,Renato Cariani,https://www.youtube.com/watch?v=UaGJErpfTlA&list=PLWBcDIDlsDmpK2MIfHI0NhqMcs0Pqc20z
Musculação,ESTRIAS E FLACIDEZ - O QUE CAUSA ? E COMO PREVENIR !!!,Renato Cariani,https://www.youtube.com/watch?v=cPD8ncNiPgs&list=PLWBcDIDlsDmpK2MIfHI0NhqMcs0Pqc20z
Musculação,"ESPINHAS, O QUE CAUSA E O QUE COMBATE ? SAIBA !!!",Renato Cariani,https://www.youtube.com/watch?v=zwqGVYTxKno&list=PLWBcDIDlsDmpK2MIfHI0NhqMcs0Pqc20z
Musculação,COMO DILATAR AS VEIAS ?,Renato Cariani,https://www.youtube.com/watch?v=GSVEyhPbruQ&list=PLWBcDIDlsDmpK2MIfHI0NhqMcs0Pqc20z
Musculação,MELHORES CARBOIDRATOS PARA GANHAR MÚSCULOS,Renato Cariani,https://www.youtube.com/watch?v=ZzdIvW5PNSo&list=PLWBcDIDlsDmpK2MIfHI0NhqMcs0Pqc20z
Musculação,"FUROU A DIETA? CALMA, SABEMOS COMO RESOLVER !",Renato Cariani,https://www.youtube.com/watch?v=h25Ro2TO_qM&list=PLWBcDIDlsDmpK2MIfHI0NhqMcs0Pqc20z
Musculação,OS 5 ALIMENTOS MAIS PERIGOSOS QUE VOCÊ NÃO IMAGINA,Renato Cariani,https://www.youtube.com/watch?v=IyC1qtGvTU0&list=PLWBcDIDlsDmpK2MIfHI0NhqMcs0Pqc20z
Musculação,DIA DO LIXO SEM PERDER O SHAPE,Renato Cariani,https://www.youtube.com/watch?v=ztOlqDCaMIA&list=PLWBcDIDlsDmpK2MIfHI0NhqMcs0Pqc20z
Musculação,05 SINTOMAS DE BAIXA DE TESTOSTERONA,Renato Cariani,https://www.youtube.com/watch?v=bez8r_jctEo&list=PLWBcDIDlsDmpK2MIfHI0NhqMcs0Pqc20z
Musculação,TOP 6 SUPLEMENTOS PARA ATLETAS NATURAIS,Renato Cariani,https://www.youtube.com/watch?v=fQYopHZWDlk&list=PLWBcDIDlsDmpK2MIfHI0NhqMcs0Pqc20z
Musculação,06 DICAS INFALÍVEIS PARA NÃO PASSAR FOME NA DIETA !!!,Renato Cariani,https://www.youtube.com/watch?v=VjY5upZfqP8&list=PLWBcDIDlsDmpK2MIfHI0NhqMcs0Pqc20z
Musculação,O MELHOR PÓS TREINO PARA O SEU BIOTIPO,Renato Cariani,https://www.youtube.com/watch?v=udwuPMhdDLM&list=PLWBcDIDlsDmpK2MIfHI0NhqMcs0Pqc20z
Musculação,COMO FAZER A DIETA DO CICLO DE CARBO,Renato Cariani,https://www.youtube.com/watch?v=WzJAHB4IuqM&list=PLWBcDIDlsDmpK2MIfHI0NhqMcs0Pqc20z
Musculação,REFEIÇÃO PRÉ TREINO - ALIMENTOS E SUPLEMENTOS,Renato Cariani,https://www.youtube.com/watch?v=tKe2QKKmTyk&list=PLWBcDIDlsDmpK2MIfHI0NhqMcs0Pqc20z
Musculação,"TUDO O QUE UM MESOMORFO PRECISA SABER ( dieta, calorias, cardio, treinos )",Renato Cariani,https://www.youtube.com/watch?v=PHViCLQf8hc&list=PLWBcDIDlsDmpK2MIfHI0NhqMcs0Pqc20z
Musculação,CRESCER ASSIM É FÁCIL!!!,Renato Cariani,https://www.youtube.com/watch?v=IJB7vwNDRxE&list=PLWBcDIDlsDmpK2MIfHI0NhqMcs0Pqc20z
Musculação,DESCUBRA SEU BIOTIPO - É SUPER FÁCIL !,Renato Cariani,https://www.youtube.com/watch?v=UTHHEOqJIaU&list=PLWBcDIDlsDmpK2MIfHI0NhqMcs0Pqc20z
Musculação,"""SEMPRE SOUBE O QUE QUERIA"" : RAFA BRANDÃO - CARIANI PERGUNTA",Renato Cariani,https://www.youtube.com/watch?v=CGmV-T82Z0I&list=PLWBcDIDlsDmpK2MIfHI0NhqMcs0Pqc20z
Musculação,CARIANI PERGUNTA - RAFA BRANDÃO PRO - PARTE 1,Renato Cariani,https://www.youtube.com/watch?v=ZgkgWoVBkLI&list=PLWBcDIDlsDmpK2MIfHI0NhqMcs0Pqc20z
Musculação,OS 04 TERMOGÊNICOS MAIS VIOLENTOS QUE EXISTEM !!,Renato Cariani,https://www.youtube.com/watch?v=j2zRG00AK9M&list=PLWBcDIDlsDmpK2MIfHI0NhqMcs0Pqc20z
Musculação,OS 04 MAIORES VILÕES DA DEFINIÇÃO MUSCULAR,Renato Cariani,https://www.youtube.com/watch?v=UO7V0p6iWNg&list=PLWBcDIDlsDmpK2MIfHI0NhqMcs0Pqc20z
Musculação,BULKING VS CUTTING - QUAL DEVO FAZER?,Renato Cariani,https://www.youtube.com/watch?v=eYw10olOBbA&list=PLWBcDIDlsDmpK2MIfHI0NhqMcs0Pqc20z
Musculação,TUDO QUE UM ENDOMORFO PRECISA SABER !!!,Renato Cariani,https://www.youtube.com/watch?v=ihMBd28tRcQ&list=PLWBcDIDlsDmpK2MIfHI0NhqMcs0Pqc20z
Musculação,PIORES E MELHORES ALIMENTOS PARA QUANDO ESTIVER COM FOME,Renato Cariani,https://www.youtube.com/watch?v=jMJgz8lO4hg&list=PLWBcDIDlsDmpK2MIfHI0NhqMcs0Pqc20z
Musculação,RECEITA FIT FÁCIL E GOSTOSA - TAPIOCA DE FRANGO - RECEITAS DA TATI,Renato Cariani,https://www.youtube.com/watch?v=trWHdeywUY0&list=PLWBcDIDlsDmpK2MIfHI0NhqMcs0Pqc20z
Musculação,5 DICAS QUE TODO ECTOMORFO PRECISA SEGUIR,Renato Cariani,https://www.youtube.com/watch?v=ASX50MP0Vdo&list=PLWBcDIDlsDmpK2MIfHI0NhqMcs0Pqc20z
Musculação,COMO CALCULAR E MONTAR SUA PRÓPRIA DIETA,Renato Cariani,https://www.youtube.com/watch?v=uxiGNchGu3A&list=PLWBcDIDlsDmpK2MIfHI0NhqMcs0Pqc20z
Musculação,COMO TREINAR GLÚTEOS ISOLADO,Renato Cariani,https://www.youtube.com/watch?v=fEWc7HPGGk8&list=PLWBcDIDlsDmpK2MIfHI0NhqMcs0Pqc20z
Musculação,DIETA PARA DEFINIÇÃO EM ATLETAS NATURAIS,Renato Cariani,https://www.youtube.com/watch?v=8bAqz4cv5_8&list=PLWBcDIDlsDmpK2MIfHI0NhqMcs0Pqc20z
Musculação,DIETA PARA DEFINIÇÃO EM ATLETAS NATURAIS,Renato Cariani,https://www.youtube.com/watch?v=8bAqz4cv5_8&list=PLWBcDIDlsDmpK2MIfHI0NhqMcs0Pqc20z
Musculação,A VERDADE POR TRÁS DA CASA MAROMBA,Renato Cariani,https://www.youtube.com/watch?v=a__Y8Q78AO0&list=PLWBcDIDlsDmpK2MIfHI0NhqMcs0Pqc20z
Musculação,WHY I DON'T TAKE WHEY PROTEIN,Tay Training,https://www.youtube.com/watch?v=15TCCWgm2Jo&list=PLojRtHpcHpmZ2kBsBnzW6iLeIcBz6ejvU
Musculação,Como GANHAR MASSA MUSCULAR muito mais rápido,Tay Training,https://www.youtube.com/watch?v=8_7JB--0D-c&list=PLojRtHpcHpmZ2kBsBnzW6iLeIcBz6ejvU
Musculação,Defined and feminine abs with the bracing technique.,Tay Training,https://www.youtube.com/watch?v=eJibnWJad44&list=PLojRtHpcHpmZ2kBsBnzW6iLeIcBz6ejvU
Musculação,A melhor DIVISÃO DE TREINOS,Tay Training,https://www.youtube.com/watch?v=quBBAXjMzac&list=PLojRtHpcHpmZ2kBsBnzW6iLeIcBz6ejvU
Musculação,10 exercises every woman needs to do during workouts.,Tay Training,https://www.youtube.com/watch?v=zbN3mChHGDI&list=PLojRtHpcHpmZ2kBsBnzW6iLeIcBz6ejvU
Musculação,PARE DE FAZER ESSES EXERCÍCIOS INÚTEIS AGORA,Tay Training,https://www.youtube.com/watch?v=dSMXteLdZ80&list=PLojRtHpcHpmZ2kBsBnzW6iLeIcBz6ejvU
Musculação,Como GANHAR MASSA muscular - Sempre treine dessa forma!,Tay Training,https://www.youtube.com/watch?v=POQk9jhb30o&list=PLojRtHpcHpmZ2kBsBnzW6iLeIcBz6ejvU
Musculação,Por isso eu treino COM POUCO PESO E GANHO MASSA MUSCULAR,Tay Training,https://www.youtube.com/watch?v=3S4-rdo7siE&list=PLojRtHpcHpmZ2kBsBnzW6iLeIcBz6ejvU
Musculação,My 24-hour diet to gain muscle mass.,Tay Training,https://www.youtube.com/watch?v=womoI2M6f80&list=PLojRtHpcHpmZ2kBsBnzW6iLeIcBz6ejvU
Musculação,HOW TO LOSE YOUR POUCH Learn once and for all,Tay Training,https://www.youtube.com/watch?v=_ug97qzBI84&list=PLojRtHpcHpmZ2kBsBnzW6iLeIcBz6ejvU
Musculação,The 10 Laws to Accelerate Results in Training,Tay Training,https://www.youtube.com/watch?v=t9QtksPOedU&list=PLojRtHpcHpmZ2kBsBnzW6iLeIcBz6ejvU
Musculação,4 ajustes para GANHAR MASSA MUSCULAR MAIS RÁPIDO,Tay Training,https://www.youtube.com/watch?v=XzhJCesfAT8&list=PLojRtHpcHpmZ2kBsBnzW6iLeIcBz6ejvU
Musculação,4 ajustes para GANHAR MASSA MUSCULAR MAIS RÁPIDO,Tay Training,https://www.youtube.com/watch?v=XzhJCesfAT8&list=PLojRtHpcHpmZ2kBsBnzW6iLeIcBz6ejvU
Musculação,Quantas repetições e séries devo fazer no meu treino?,Tay Training,https://www.youtube.com/watch?v=3_9wUvqmNhM&list=PLojRtHpcHpmZ2kBsBnzW6iLeIcBz6ejvU
Musculação,10 EXERCISES you need to EXCLUDE FROM YOUR WORKOUTS,Tay Training,https://www.youtube.com/watch?v=RSZy046SiJ4&list=PLojRtHpcHpmZ2kBsBnzW6iLeIcBz6ejvU
Musculação,5 CARDIO MISTAKES THAT PREVENT YOU FROM LOSING WEIGHT AND GAINING MUSCLE MASS,Tay Training,https://www.youtube.com/watch?v=tSLnxDgGdZw&list=PLojRtHpcHpmZ2kBsBnzW6iLeIcBz6ejvU
Musculação,A ROTINA QUE MUDOU MINHA VIDA | Um dia inteiro com a Tay,Tay Training,https://www.youtube.com/watch?v=AY3C3C_dF0Q&list=PLojRtHpcHpmZ2kBsBnzW6iLeIcBz6ejvU
Musculação,YOUR BODY WILL DESTROY FAT if you do these 3 THINGS!,Tay Training,https://www.youtube.com/watch?v=Xw8-_BYZkAw&list=PLojRtHpcHpmZ2kBsBnzW6iLeIcBz6ejvU
Musculação,8 coisas que DESTROEM SEUS TREINOS... e resultados,Tay Training,https://www.youtube.com/watch?v=tcUkiQJ5FpQ&list=PLojRtHpcHpmZ2kBsBnzW6iLeIcBz6ejvU
Musculação,5 PASSOS PARA GANHAR MUITO MAIS MASSA MUSCULAR,Tay Training,https://www.youtube.com/watch?v=ghsB4b-etoI&list=PLojRtHpcHpmZ2kBsBnzW6iLeIcBz6ejvU
Musculação,What gives better results? + WEIGHT or - WEIGHT?,Tay Training,https://www.youtube.com/watch?v=7bmnC2dnkz0&list=PLojRtHpcHpmZ2kBsBnzW6iLeIcBz6ejvU
Musculação,The ONLY Exercise You Woman Need For Every Muscle!,Tay Training,https://www.youtube.com/watch?v=WDMddbANads&list=PLojRtHpcHpmZ2kBsBnzW6iLeIcBz6ejvU
Musculação,POR ISSO EU NÃO USO ANABOLIZANTES,Tay Training,https://www.youtube.com/watch?v=Go-dq-pJ9xs&list=PLojRtHpcHpmZ2kBsBnzW6iLeIcBz6ejvU
Musculação,How to BREATHE during EXERCISE - Learn and improve your workout,Tay Training,https://www.youtube.com/watch?v=66rEBGRk9d4&list=PLojRtHpcHpmZ2kBsBnzW6iLeIcBz6ejvU
Musculação,How much weight should I lift to gain muscle mass?,Tay Training,https://www.youtube.com/watch?v=bNwjztoOLxg&list=PLojRtHpcHpmZ2kBsBnzW6iLeIcBz6ejvU
Musculação,The 4 MOST IMPORTANT exercises for LOWER BODY TRAINING | Tay Training,Tay Training,https://www.youtube.com/watch?v=gbzlzNoxPXs&list=PLojRtHpcHpmZ2kBsBnzW6iLeIcBz6ejvU
Musculação,CARDIO ANTES OU DEPOIS DO TREINO - Saiba como encaixar o cardio nos seus treinos,Tay Training,https://www.youtube.com/watch?v=9V2BbvCTR7Q&list=PLojRtHpcHpmZ2kBsBnzW6iLeIcBz6ejvU
Musculação,MAIORES ERROS QUE CAUSAM DORES ARTICULARES nos treinos,Tay Training,https://www.youtube.com/watch?v=cmmgjH6Imy0&list=PLojRtHpcHpmZ2kBsBnzW6iLeIcBz6ejvU
Musculação,"How far DOWN in exercises? Squats, Stiff, Sumo",Tay Training,https://www.youtube.com/watch?v=xZT3-g6XlXs&list=PLojRtHpcHpmZ2kBsBnzW6iLeIcBz6ejvU
Musculação,Train to FAILURE or BURN OUT? Find out what is best for GAINING MUSCLE,Tay Training,https://www.youtube.com/watch?v=pJX8S0fosME&list=PLojRtHpcHpmZ2kBsBnzW6iLeIcBz6ejvU
Musculação,Challenge to Strengthen Your Legs | Tay Training,Tay Training,https://www.youtube.com/watch?v=Ip4MuVjOmAs&list=PLojRtHpcHpmZ2kBsBnzW6iLeIcBz6ejvU
Musculação,4 Things You Should and Shouldn't Do to Gain Muscle Mass,Tay Training,https://www.youtube.com/watch?v=Rsndot59Pko&list=PLojRtHpcHpmZ2kBsBnzW6iLeIcBz6ejvU
Musculação,NEVER AGAIN DO 3 SETS OF 12 REPETITIONS,Tay Training,https://www.youtube.com/watch?v=oO8WQhluFRw&list=PLojRtHpcHpmZ2kBsBnzW6iLeIcBz6ejvU
Musculação,TRAINING + FAST GETTING + RESULTS,Tay Training,https://www.youtube.com/watch?v=KTjI6t9-KxM&list=PLojRtHpcHpmZ2kBsBnzW6iLeIcBz6ejvU
Musculação,DON'T DO CARDIO if you want to LOSE FAT,Tay Training,https://www.youtube.com/watch?v=iARpkEoZ_1w&list=PLojRtHpcHpmZ2kBsBnzW6iLeIcBz6ejvU
Musculação,REAGINDO ao treino de glúteo MAIS FAMOSO da internet,Tay Training,https://www.youtube.com/watch?v=ktSioIMlp4g&list=PLojRtHpcHpmZ2kBsBnzW6iLeIcBz6ejvU
Musculação,Como dividir seu TREINO de PERNA e GLÚTEO,Tay Training,https://www.youtube.com/watch?v=LV2ZIXv0lqI&list=PLojRtHpcHpmZ2kBsBnzW6iLeIcBz6ejvU
Musculação,Truque para AUMENTAR as CARGAS nos treinos,Tay Training,https://www.youtube.com/watch?v=euSI_hujHBo&list=PLojRtHpcHpmZ2kBsBnzW6iLeIcBz6ejvU
Musculação,"If you do cardio like this, you're wasting your time.",Tay Training,https://www.youtube.com/watch?v=t02k2TqmgoM&list=PLojRtHpcHpmZ2kBsBnzW6iLeIcBz6ejvU
Musculação,6 coisas que você PRECISA FAZER durante o treino (obrigatórias),Tay Training,https://www.youtube.com/watch?v=eN7C6jGqzpE&list=PLojRtHpcHpmZ2kBsBnzW6iLeIcBz6ejvU
Musculação,How to gain MUSCLE MASS FAST in your legs and glutes,Tay Training,https://www.youtube.com/watch?v=VGzC00A4K-Y&list=PLojRtHpcHpmZ2kBsBnzW6iLeIcBz6ejvU
Musculação,ACADEMIA LOTADA - Como treinar sem revezar aparelhos,Tay Training,https://www.youtube.com/watch?v=M6xwux_Xx64&list=PLojRtHpcHpmZ2kBsBnzW6iLeIcBz6ejvU
Musculação,"My morning routine of training, eating, and working.",Tay Training,https://www.youtube.com/watch?v=gYwaIB-AZqw&list=PLojRtHpcHpmZ2kBsBnzW6iLeIcBz6ejvU
Musculação,IS LOAD PROGRESSION important for GAINING MUSCLE MASS?,Tay Training,https://www.youtube.com/watch?v=yNAzMJK5njI&list=PLojRtHpcHpmZ2kBsBnzW6iLeIcBz6ejvU
Musculação,PANICATS BEFORE ANABOLIC STADERS? What their bodies were like before.,Tay Training,https://www.youtube.com/watch?v=pokOF_uRAtA&list=PLojRtHpcHpmZ2kBsBnzW6iLeIcBz6ejvU
Musculação,MELHOR AQUECIMENTO antes dos treinos,Tay Training,https://www.youtube.com/watch?v=3okWhSKcKvk&list=PLojRtHpcHpmZ2kBsBnzW6iLeIcBz6ejvU
Musculação,I tested the MOST DANGEROUS exercises in gyms,Tay Training,https://www.youtube.com/watch?v=6cxGBTQifcE&list=PLojRtHpcHpmZ2kBsBnzW6iLeIcBz6ejvU
Musculação,Como MELHORAR O SEU TREINO com a CADÊNCIA de movimento,Tay Training,https://www.youtube.com/watch?v=FpuGXuWIRcg&list=PLojRtHpcHpmZ2kBsBnzW6iLeIcBz6ejvU
Musculação,7 SINAIS QUE SEU TREINO ESTÁ MUITO RUIM,Tay Training,https://www.youtube.com/watch?v=wit3MwuHszI&list=PLojRtHpcHpmZ2kBsBnzW6iLeIcBz6ejvU
Musculação,WHICH SNEAKERS SHOULD I WEAR FOR WEIGHT TRAINING? My favorites,Tay Training,https://www.youtube.com/watch?v=cH8zpABT8ew&list=PLojRtHpcHpmZ2kBsBnzW6iLeIcBz6ejvU
Musculação,5 SERIOUS MISTAKES YOU CAN NEVER MAKE IN TRAINING,Tay Training,https://www.youtube.com/watch?v=Xj1ZUWKjkU4&list=PLojRtHpcHpmZ2kBsBnzW6iLeIcBz6ejvU
Musculação,RANKING dos 6 PIORES ERROS DAS MULHERES nos treinos,Tay Training,https://www.youtube.com/watch?v=L6n3CTkhpG0&list=PLojRtHpcHpmZ2kBsBnzW6iLeIcBz6ejvU
Musculação,How to increase hormones naturally and decrease cortisol.,Tay Training,https://www.youtube.com/watch?v=52DrBlglL7M&list=PLojRtHpcHpmZ2kBsBnzW6iLeIcBz6ejvU
Musculação,NEVER TRAIN AND DRINK ALCOHOL AGAIN - really?,Tay Training,https://www.youtube.com/watch?v=kznEGOot4v8&list=PLojRtHpcHpmZ2kBsBnzW6iLeIcBz6ejvU
Musculação,6 things a NATURAL WOMAN CANNOT do before a workout,Tay Training,https://www.youtube.com/watch?v=lsSjcLrQE8I&list=PLojRtHpcHpmZ2kBsBnzW6iLeIcBz6ejvU
Yoga,Day 1 - Opening the House | breathe,Carlo Guaragna Yoga,https://www.youtube.com/watch?v=5IrazxUUNzU&list=PL3D4YMkC1RRJZVvNSmgCMtoZyXU07xUGf
Yoga,Day 2 - Diving | Breathe,Carlo Guaragna Yoga,https://www.youtube.com/watch?v=Gm3Rn1FjKrs&list=PL3D4YMkC1RRJZVvNSmgCMtoZyXU07xUGf
Yoga,Dia 3 - Ancorando | respira,Carlo Guaragna Yoga,https://www.youtube.com/watch?v=i59S7YTR9oE&list=PL3D4YMkC1RRJZVvNSmgCMtoZyXU07xUGf
Yoga,Dia 4 - Reflexo | respira,Carlo Guaragna Yoga,https://www.youtube.com/watch?v=-F4mYHgb-l8&list=PL3D4YMkC1RRJZVvNSmgCMtoZyXU07xUGf
Yoga,Dia 5 - Recordar | respira,Carlo Guaragna Yoga,https://www.youtube.com/watch?v=6aMXvYdf36I&list=PL3D4YMkC1RRJZVvNSmgCMtoZyXU07xUGf
Yoga,Dia 6 - Autocuidado | respira,Carlo Guaragna Yoga,https://www.youtube.com/watch?v=k4WfEspJu-U&list=PL3D4YMkC1RRJZVvNSmgCMtoZyXU07xUGf
Yoga,Dia 7 - Conexão Corporal | respira,Carlo Guaragna Yoga,https://www.youtube.com/watch?v=GtJl48xRPn0&list=PL3D4YMkC1RRJZVvNSmgCMtoZyXU07xUGf
Yoga,Dia 8 - Energiza | respira,Carlo Guaragna Yoga,https://www.youtube.com/watch?v=DVjFUCwFTOU&list=PL3D4YMkC1RRJZVvNSmgCMtoZyXU07xUGf
Yoga,Dia 9 - Flow Respira | respira,Carlo Guaragna Yoga,https://www.youtube.com/watch?v=EKrC7sBTtZQ&list=PL3D4YMkC1RRJZVvNSmgCMtoZyXU07xUGf
Yoga,Dia 10 - Espaço: A Solidez Sutil | respira,Carlo Guaragna Yoga,https://www.youtube.com/watch?v=k4HR0E1UyAk&list=PL3D4YMkC1RRJZVvNSmgCMtoZyXU07xUGf
Yoga,Dia 12 - Floresça | respira,Carlo Guaragna Yoga,https://www.youtube.com/watch?v=hVIEgPUtBvs&list=PL3D4YMkC1RRJZVvNSmgCMtoZyXU07xUGf
Yoga,Dia 11 - Contraste | respira,Carlo Guaragna Yoga,https://www.youtube.com/watch?v=dP_z-of2yoA&list=PL3D4YMkC1RRJZVvNSmgCMtoZyXU07xUGf
Yoga,Dia 13 - Acendendo | respira,Carlo Guaragna Yoga,https://www.youtube.com/watch?v=JomvGrE2nWk&list=PL3D4YMkC1RRJZVvNSmgCMtoZyXU07xUGf
Yoga,Dia 14 - Suave | respira,Carlo Guaragna Yoga,https://www.youtube.com/watch?v=1Sy6gMtRfSY&list=PL3D4YMkC1RRJZVvNSmgCMtoZyXU07xUGf
Yoga,Dia 15 - Renovando o Fôlego | respira,Carlo Guaragna Yoga,https://www.youtube.com/watch?v=kLPsZIVZDQI&list=PL3D4YMkC1RRJZVvNSmgCMtoZyXU07xUGf
Yoga,Dia 16 - Conexão com o Espaço Interno | respira,Carlo Guaragna Yoga,https://www.youtube.com/watch?v=pfh7s3xJcrU&list=PL3D4YMkC1RRJZVvNSmgCMtoZyXU07xUGf
Yoga,Dia 17 - Sensibilidade | respira,Carlo Guaragna Yoga,https://www.youtube.com/watch?v=xRvyDZ8mC9I&list=PL3D4YMkC1RRJZVvNSmgCMtoZyXU07xUGf
Yoga,Dia 18 - O Som do Silêncio | respira,Carlo Guaragna Yoga,https://www.youtube.com/watch?v=NJEcHOIHXHs&list=PL3D4YMkC1RRJZVvNSmgCMtoZyXU07xUGf
Yoga,Dia 19 - Invertidas! Bases ao Alto | respira,Carlo Guaragna Yoga,https://www.youtube.com/watch?v=TVOjDiQshYU&list=PL3D4YMkC1RRJZVvNSmgCMtoZyXU07xUGf
Yoga,Dia 20 - Reconhecimento | respira,Carlo Guaragna Yoga,https://www.youtube.com/watch?v=_YxkHx6OHpA&list=PL3D4YMkC1RRJZVvNSmgCMtoZyXU07xUGf
Yoga,Dia 21 - Profundidade | respira,Carlo Guaragna Yoga,https://www.youtube.com/watch?v=3m61KpWU7s4&list=PL3D4YMkC1RRJZVvNSmgCMtoZyXU07xUGf
Yoga,Dia 1 | Escolha estar presente  - Pri Leite,Pri Leite Yoga,https://www.youtube.com/watch?v=9njqH_n9nfA&list=PLnXTMjA8X5lc3s-cdY4ya_zaXT8tTjEDa
Yoga,Dia 2 | Aberto e feliz - Pri Leite,Pri Leite Yoga,https://www.youtube.com/watch?v=ojuW9JNvYqM&list=PLnXTMjA8X5lc3s-cdY4ya_zaXT8tTjEDa
Yoga,Dia 3 | Permita-se - Pri Leite,Pri Leite Yoga,https://www.youtube.com/watch?v=rlciTBiSHOY&list=PLnXTMjA8X5lc3s-cdY4ya_zaXT8tTjEDa
Yoga,Dia 4 | Foco - Pri Leite,Pri Leite Yoga,https://www.youtube.com/watch?v=NvfaZCGnuCM&list=PLnXTMjA8X5lc3s-cdY4ya_zaXT8tTjEDa
Yoga,Dia 5 | Respire - Pri Leite,Pri Leite Yoga,https://www.youtube.com/watch?v=-p_HMR33wc8&list=PLnXTMjA8X5lc3s-cdY4ya_zaXT8tTjEDa
Yoga,"Dia 6 |  core, core, core! - Pri Leite",Pri Leite Yoga,https://www.youtube.com/watch?v=Ndcb7_YIShQ&list=PLnXTMjA8X5lc3s-cdY4ya_zaXT8tTjEDa
Yoga,Dia 7 | Quadris e círculos - Pri Leite,Pri Leite Yoga,https://www.youtube.com/watch?v=Tp4NBSOByPI&list=PLnXTMjA8X5lc3s-cdY4ya_zaXT8tTjEDa
Yoga,Dia 8 | Relaxe e alonge - Pri Leite,Pri Leite Yoga,https://www.youtube.com/watch?v=tSws3YtAJsk&list=PLnXTMjA8X5lc3s-cdY4ya_zaXT8tTjEDa
Yoga,Dia 9 |  Experimente meditar - Pri Leite,Pri Leite Yoga,https://www.youtube.com/watch?v=SONw3sXJTB8&list=PLnXTMjA8X5lc3s-cdY4ya_zaXT8tTjEDa
Yoga,Dia 10 | Relaxe profundamente - Pri Leite,Pri Leite Yoga,https://www.youtube.com/watch?v=zx2PObrFl_Q&list=PLnXTMjA8X5lc3s-cdY4ya_zaXT8tTjEDa
Yoga,Dia 11 |  Ombros fortes e abertos - Pri Leite,Pri Leite Yoga,https://www.youtube.com/watch?v=DuulDPJrmJg&list=PLnXTMjA8X5lc3s-cdY4ya_zaXT8tTjEDa
Yoga,Dia 12 |  Aterre - Pri Leite,Pri Leite Yoga,https://www.youtube.com/watch?v=WkJ377Q-FgY&list=PLnXTMjA8X5lc3s-cdY4ya_zaXT8tTjEDa
Yoga,Dia 13 | Check-in com o seu coração - Pri Leite,Pri Leite Yoga,https://www.youtube.com/watch?v=6kjkYKWBZck&list=PLnXTMjA8X5lc3s-cdY4ya_zaXT8tTjEDa
Yoga,Dia 14 | Devagar vamos longe - Pri Leite,Pri Leite Yoga,https://www.youtube.com/watch?v=A8ryZcw8boU&list=PLnXTMjA8X5lc3s-cdY4ya_zaXT8tTjEDa
Yoga,Dia 15 | Perseverança - Pri Leite,Pri Leite Yoga,https://www.youtube.com/watch?v=0zhiRig3TzE&list=PLnXTMjA8X5lc3s-cdY4ya_zaXT8tTjEDa
Yoga,Dia 16 | Respiração do fogo - Pri Leite,Pri Leite Yoga,https://www.youtube.com/watch?v=fhD9HV-5908&list=PLnXTMjA8X5lc3s-cdY4ya_zaXT8tTjEDa
Yoga,Dia 17 | Aula Delícia - Pri Leite,Pri Leite Yoga,https://www.youtube.com/watch?v=uWdWY5tsbO0&list=PLnXTMjA8X5lc3s-cdY4ya_zaXT8tTjEDa
Yoga,Dia 18 | Guerreiros - Pri Leite,Pri Leite Yoga,https://www.youtube.com/watch?v=uwDQJ95QsgM&list=PLnXTMjA8X5lc3s-cdY4ya_zaXT8tTjEDa
Yoga,Dia 19 | Flua como uma pluma - Pri Leite,Pri Leite Yoga,https://www.youtube.com/watch?v=k6NRtBhnbcw&list=PLnXTMjA8X5lc3s-cdY4ya_zaXT8tTjEDa
Yoga,Dia 20 | Yoga para Digestão - Pri Leite,Pri Leite Yoga,https://www.youtube.com/watch?v=nv-frR8myAc&list=PLnXTMjA8X5lc3s-cdY4ya_zaXT8tTjEDa
Yoga,Dia 21 | Oferenda - Pri Leite,Pri Leite Yoga,https://www.youtube.com/watch?v=aHsfYubF35s&list=PLnXTMjA8X5lc3s-cdY4ya_zaXT8tTjEDa
Yoga,Dia 22 |  Flexibilidade é uma atitude - Pri Leite,Pri Leite Yoga,https://www.youtube.com/watch?v=3EoS-Z8afFc&list=PLnXTMjA8X5lc3s-cdY4ya_zaXT8tTjEDa
Yoga,Dia 23 | Proposta - Pri Leite,Pri Leite Yoga,https://www.youtube.com/watch?v=iAjzdBIuRFo&list=PLnXTMjA8X5lc3s-cdY4ya_zaXT8tTjEDa
Yoga,Dia 24 | Cultive Amor Próprio/ Meditação - Pri Leite,Pri Leite Yoga,https://www.youtube.com/watch?v=jz72-a-IPvU&list=PLnXTMjA8X5lc3s-cdY4ya_zaXT8tTjEDa
Yoga,Dia 25 |  Clareza de Pensamentos e intuição -  Pri Leite,Pri Leite Yoga,https://www.youtube.com/watch?v=Aa1tILxydfY&list=PLnXTMjA8X5lc3s-cdY4ya_zaXT8tTjEDa
Yoga,Dia 26 |  Core mais uma vez! - Pri Leite,Pri Leite Yoga,https://www.youtube.com/watch?v=H35ca6kK9xQ&list=PLnXTMjA8X5lc3s-cdY4ya_zaXT8tTjEDa
Yoga,Dia 27 | Entregue e confie - Pri Leite,Pri Leite Yoga,https://www.youtube.com/watch?v=vvT97nb-TSU&list=PLnXTMjA8X5lc3s-cdY4ya_zaXT8tTjEDa
Yoga,Dia 28 | Gratidão todo dia - Pri Leite,Pri Leite Yoga,https://www.youtube.com/watch?v=k4WzIEvewl4&list=PLnXTMjA8X5lc3s-cdY4ya_zaXT8tTjEDa
Yoga,Dia 29 | Diário Yogi - Pri Leite,Pri Leite Yoga,https://www.youtube.com/watch?v=73gVAIq6aDo&list=PLnXTMjA8X5lc3s-cdY4ya_zaXT8tTjEDa
Yoga,Dia 30 | SIM! - Pri Leite,Pri Leite Yoga,https://www.youtube.com/watch?v=ziuJ7XEiuaU&list=PLnXTMjA8X5lc3s-cdY4ya_zaXT8tTjEDa
Pilates,Simple Stretches for the Whole Body | Rodrigo Lopes Physiotherapist,Dr. Rodrigo Lopes - Fisioterapeuta,https://www.youtube.com/watch?v=OpVLju5eVxw&list=PL1sf8WCu5o0zZqwC6MOgo26qp0EXxUg-r
Pilates,Alongamento para dores na lombar - Rodrigo Lopes fisioterapeuta,Dr. Rodrigo Lopes - Fisioterapeuta,https://www.youtube.com/watch?v=Hpq3AyG-OAE&list=PL1sf8WCu5o0zZqwC6MOgo26qp0EXxUg-r
Pilates,Morning Stretches - Simple Joint Mobilization Exercises to Have a Good Day,Dr. Rodrigo Lopes - Fisioterapeuta,https://www.youtube.com/watch?v=bTPkwFWJ5hw&list=PL1sf8WCu5o0zZqwC6MOgo26qp0EXxUg-r
Pilates,Stretches for Better Sleep | Dr. Rodrigo Lopes - Physiotherapy,Dr. Rodrigo Lopes - Fisioterapeuta,https://www.youtube.com/watch?v=Su1satEZXFE&list=PL1sf8WCu5o0zZqwC6MOgo26qp0EXxUg-r
Pilates,Simple stretches for all ages (on the chair) | Rodrigo Lopes,Dr. Rodrigo Lopes - Fisioterapeuta,https://www.youtube.com/watch?v=oYjSm-6u0b4&list=PL1sf8WCu5o0zZqwC6MOgo26qp0EXxUg-r
Pilates,"Stretching to do at home office | Rodrigo Lopes, Physiotherapist",Dr. Rodrigo Lopes - Fisioterapeuta,https://www.youtube.com/watch?v=fc6dQxLYB5M&list=PL1sf8WCu5o0zZqwC6MOgo26qp0EXxUg-r
Pilates,7 exercises to do during your home office breaks | Pomodoro - Rodrigo Lopes,Dr. Rodrigo Lopes - Fisioterapeuta,https://www.youtube.com/watch?v=XS3icXrArnA&list=PL1sf8WCu5o0zZqwC6MOgo26qp0EXxUg-r
Pilates,"Alongamento Relaxante p/ TODO CORPO - Alivio da tensão, ansiedade e stresse",Dr. Rodrigo Lopes - Fisioterapeuta,https://www.youtube.com/watch?v=NtXHMBISX_U&list=PL1sf8WCu5o0zZqwC6MOgo26qp0EXxUg-r
Pilates,Alongamento p/ alivio da DOR LOMBAR - Rodrigo Lopes Fisioterapeuta,Dr. Rodrigo Lopes - Fisioterapeuta,https://www.youtube.com/watch?v=MgWpZ3oyTu8&list=PL1sf8WCu5o0zZqwC6MOgo26qp0EXxUg-r
Pilates,Exercícios p/ MELHORAR A POSTURA DO SEU FILHO - Alongamentos simples - Rodrigo Lopes fisioterapeuta,Dr. Rodrigo Lopes - Fisioterapeuta,https://www.youtube.com/watch?v=YXvjv9_WjN4&list=PL1sf8WCu5o0zZqwC6MOgo26qp0EXxUg-r
Pilates,Acabe com a DOR NAS COSTAS depois de um longo dia de trabalho - com 5 Exercícios,Dr. Rodrigo Lopes - Fisioterapeuta,https://www.youtube.com/watch?v=sssBXg4ml_Y&list=PL1sf8WCu5o0zZqwC6MOgo26qp0EXxUg-r
Pilates,6 ALONGAMENTOS SIMPLES p/ fazer diariamente - Mais flexibilidade e menos intolerância ao estiramento,Dr. Rodrigo Lopes - Fisioterapeuta,https://www.youtube.com/watch?v=ZcW2dVQCHw0&list=PL1sf8WCu5o0zZqwC6MOgo26qp0EXxUg-r
Pilates,Alongamentos simples para todas as idades - Alongamento ideal p/ terceira idade e iniciantes,Dr. Rodrigo Lopes - Fisioterapeuta,https://www.youtube.com/watch?v=U-HW1k17BXQ&list=PL1sf8WCu5o0zZqwC6MOgo26qp0EXxUg-r
Pilates,Exercício ESPECIAL para Grávidas - Alongamentos e Mobilidade Articular,Dr. Rodrigo Lopes - Fisioterapeuta,https://www.youtube.com/watch?v=2E52kABbQg0&list=PL1sf8WCu5o0zZqwC6MOgo26qp0EXxUg-r
Pilates,Alivio das DORES NAS COSTAS - Automassagem e Alongamentos  - VIDEO 1,Dr. Rodrigo Lopes - Fisioterapeuta,https://www.youtube.com/watch?v=TiINDvdsh0s&list=PL1sf8WCu5o0zZqwC6MOgo26qp0EXxUg-r
Pilates,GOODBYE TO LOWER BACK! - Less Lower Back Pain and More Flexibility -,Dr. Rodrigo Lopes - Fisioterapeuta,https://www.youtube.com/watch?v=f2eotO900W8&list=PL1sf8WCu5o0zZqwC6MOgo26qp0EXxUg-r
Pilates,Relief from burning and back pain - Stretching + self-massage with a tennis ball.,Dr. Rodrigo Lopes - Fisioterapeuta,https://www.youtube.com/watch?v=C-QmffvBXYc&list=PL1sf8WCu5o0zZqwC6MOgo26qp0EXxUg-r
Pilates,SIMPLE Stretching and Mobility Exercises for the Whole Body | For All Ages,Dr. Rodrigo Lopes - Fisioterapeuta,https://www.youtube.com/watch?v=xfF6WV_cDgU&list=PL1sf8WCu5o0zZqwC6MOgo26qp0EXxUg-r
Pilates,"Alivio DORES NO QUADRIL - Ideal p/ Artrite, Atrose, Tendinite e Bursite | Flexibilidade do quadril",Dr. Rodrigo Lopes - Fisioterapeuta,https://www.youtube.com/watch?v=DXRrhGWHMbY&list=PL1sf8WCu5o0zZqwC6MOgo26qp0EXxUg-r
Pilates,Serie de ALONGAMENTOS SIMPLES p/ o CORPO TODO c/ um bastão | Exercício p/ todas as idades,Dr. Rodrigo Lopes - Fisioterapeuta,https://www.youtube.com/watch?v=ycWAL4yrASM&list=PL1sf8WCu5o0zZqwC6MOgo26qp0EXxUg-r
Pilates,Unlock Your Spine - Spinal Mobility Exercises - Relieve tension and pain in your spine.,Dr. Rodrigo Lopes - Fisioterapeuta,https://www.youtube.com/watch?v=nWa3MMgGLoE&list=PL1sf8WCu5o0zZqwC6MOgo26qp0EXxUg-r
Pilates,Exercicios p/ Despertar o Corpo - Exercícios Matinais de Alongamento e Mobilidade - Todas as idades,Dr. Rodrigo Lopes - Fisioterapeuta,https://www.youtube.com/watch?v=vCU9UBlpuEE&list=PL1sf8WCu5o0zZqwC6MOgo26qp0EXxUg-r
Pilates,Relieve Lower Back Pain Before Bed - Powerful exercises to relax the lower back.,Dr. Rodrigo Lopes - Fisioterapeuta,https://www.youtube.com/watch?v=Vi2zmrewZyw&list=PL1sf8WCu5o0zZqwC6MOgo26qp0EXxUg-r
Pilates,7 Exercícios simples p/ NERVO CIÁTICO -  Alivio da Dor - Rotina de alongamentos simples,Dr. Rodrigo Lopes - Fisioterapeuta,https://www.youtube.com/watch?v=a_qDI0zHM2A&list=PL1sf8WCu5o0zZqwC6MOgo26qp0EXxUg-r
Pilates,Mobility and Flexibility Exercises for Those Who AREN'T FLEXIBLE 😬🤩,Dr. Rodrigo Lopes - Fisioterapeuta,https://www.youtube.com/watch?v=JyG8LvVNIKM&list=PL1sf8WCu5o0zZqwC6MOgo26qp0EXxUg-r
Pilates,POWERFUL exercise routine to IMPROVE POSTURE and relieve BACK PAIN,Dr. Rodrigo Lopes - Fisioterapeuta,https://www.youtube.com/watch?v=A5EHH8oGMCs&list=PL1sf8WCu5o0zZqwC6MOgo26qp0EXxUg-r
Pilates,🌟🔥 The Best Stretching Exercises for a Good Night's Sleep! 🔥🌟,Dr. Rodrigo Lopes - Fisioterapeuta,https://www.youtube.com/watch?v=xcJc9zy7pbY&list=PL1sf8WCu5o0zZqwC6MOgo26qp0EXxUg-r
Pilates,Powerful Stretches to Relieve Lower Back Pain | Physical Therapist Teaches Step by Step,Dr. Rodrigo Lopes - Fisioterapeuta,https://www.youtube.com/watch?v=9nr9Cp-P22g&list=PL1sf8WCu5o0zZqwC6MOgo26qp0EXxUg-r
Pilates,PILATES NA PAREDE | PASSO A PASSO com 7 exercícios (Treino Completo INICIANTE) #treinecomigo,Canal Desconhecido,https://www.youtube.com/watch?v=s2Jpu01B88g&list=PL5zSb5JDlCM0nxe2R5slXBzJzNa0rEnmG
Pilates,Pilates on the Wall | Lose belly fat and define abs🔥Gain muscle mass | LYING DOWN ABS 10min,Canal Desconhecido,https://www.youtube.com/watch?v=vVIPWbAPgxg&list=PL5zSb5JDlCM0nxe2R5slXBzJzNa0rEnmG
Pilates,PILATES ON THE WALL | STEP BY STEP [STANDING]: 10 ESSENTIAL EXERCISES | BEGINNER Workout (18 min),Canal Desconhecido,https://www.youtube.com/watch?v=wQltDXYBKMU&list=PL5zSb5JDlCM0nxe2R5slXBzJzNa0rEnmG
Pilates,Pilates Against the Wall to Correct Neck and Shoulder Posture | GOODBYE HUNCHBACK with 3 exercises,Canal Desconhecido,https://www.youtube.com/watch?v=RNw0Mr2Z0gw&list=PL5zSb5JDlCM0nxe2R5slXBzJzNa0rEnmG
Pilates,WALL PILATES | STRONG AND DEFINED ARMS WITH 5 SIMPLE EXERCISES,Canal Desconhecido,https://www.youtube.com/watch?v=HecimXmX-98&list=PL5zSb5JDlCM0nxe2R5slXBzJzNa0rEnmG
Pilates,Como corrigir a postura corcunda (6 Exercícios) PILATES NA PAREDE | HIPERCIFOSE |,Canal Desconhecido,https://www.youtube.com/watch?v=8N2rWJrPvvQ&list=PL5zSb5JDlCM0nxe2R5slXBzJzNa0rEnmG
Pilates,"Wall Pilates for Hips and Lower Back: Reduce Pain, Loosen and Stretch #workoutwithme | 6 exercises",Canal Desconhecido,https://www.youtube.com/watch?v=mvca7u6v7o4&list=PL5zSb5JDlCM0nxe2R5slXBzJzNa0rEnmG
Pilates,🔥7 Standing Abdominal Exercises to Lose Belly Fat & Sculpt Legs and Glutes | WALL PILATES,Canal Desconhecido,https://www.youtube.com/watch?v=D67pcNjKb_E&list=PL5zSb5JDlCM0nxe2R5slXBzJzNa0rEnmG
Pilates,Wall Pilates for LUMBAR DISC HERNIA: Relieve Pain and Restore Mobility · Safe Exercises,Canal Desconhecido,https://www.youtube.com/watch?v=R8LZuriHDUg&list=PL5zSb5JDlCM0nxe2R5slXBzJzNa0rEnmG
Pilates,"Wall Pilates to TONE LEGS AND BUTTOCKS with | Gain muscle mass, SAGGING FAT! (9min)",Canal Desconhecido,https://www.youtube.com/watch?v=02MaVkDzjhI&list=PL5zSb5JDlCM0nxe2R5slXBzJzNa0rEnmG
Pilates,Wall Pilates for Pregnant Women | 8 Exercises for Every Trimester!,Canal Desconhecido,https://www.youtube.com/watch?v=vgcGYuXJna8&list=PL5zSb5JDlCM0nxe2R5slXBzJzNa0rEnmG
Pilates,"7MIN Pilates na Parede | Aeróbico: Braços Durinhos, Punhos e Ombros tonificados | Adeus à Flacidez",Canal Desconhecido,https://www.youtube.com/watch?v=jxyXkeHt1D4&list=PL5zSb5JDlCM0nxe2R5slXBzJzNa0rEnmG
Pilates,"Pilates na Parede: Melhore a Circulação, Alivie Dores e Combata o Inchaço | Ganhe massa muscular",Canal Desconhecido,https://www.youtube.com/watch?v=3GXs1sqLj4k&list=PL5zSb5JDlCM0nxe2R5slXBzJzNa0rEnmG
Pilates,WALL PILATES: KNEE ARTHROSIS | Simple step by step. Gain muscle mass,Canal Desconhecido,https://www.youtube.com/watch?v=4PlXnu2WNSg&list=PL5zSb5JDlCM0nxe2R5slXBzJzNa0rEnmG
Pilates,PILATES ON THE WALL: Pelvic Floor | Step-by-Step Intimate Health Workout - 5 Pelvic Exercises,Canal Desconhecido,https://www.youtube.com/watch?v=XoeAGhIG_gU&list=PL5zSb5JDlCM0nxe2R5slXBzJzNa0rEnmG
Pilates,"Quick Workout for LEGS, HIPS and GLUTES: Gain strength and muscle mass | Beginner Wall Pilates",Canal Desconhecido,https://www.youtube.com/watch?v=0cClxjyAUvI&list=PL5zSb5JDlCM0nxe2R5slXBzJzNa0rEnmG
Pilates,Does Pilates on the wall really help you lose weight? Expert answers + LIVE practice.,Canal Desconhecido,https://www.youtube.com/watch?v=zYJtKVvW6fw&list=PL5zSb5JDlCM0nxe2R5slXBzJzNa0rEnmG
Pilates,"Quick Workout | LEGS & ARMS: Burn, Strengthen and Activate Circulation with Wall Pilates",Canal Desconhecido,https://www.youtube.com/watch?v=wdRzC2z0FfQ&list=PL5zSb5JDlCM0nxe2R5slXBzJzNa0rEnmG
Pilates,Flatten your Belly and Define your Abs with Wall Pilates + Broomstick | Lying Abdominals 10MIN,Canal Desconhecido,https://www.youtube.com/watch?v=T2XlS3tkmyU&list=PL5zSb5JDlCM0nxe2R5slXBzJzNa0rEnmG
Pilates,PILATES ON THE WALL | THIGH FIT: Get Rid of SAGGINGS WITH 3 SIMPLE EXERCISES (INNER THIGH),Canal Desconhecido,https://www.youtube.com/watch?v=DatmGgBM2OY&list=PL5zSb5JDlCM0nxe2R5slXBzJzNa0rEnmG
Pilates,Your Back Is Rusting: 9 Minutes That Could Still Save It | Beginner Wall Pilates,Canal Desconhecido,https://www.youtube.com/watch?v=v_Zce__Y63o&list=PL5zSb5JDlCM0nxe2R5slXBzJzNa0rEnmG
Pilates,Wall Pilates: 7 biggest mistakes made by those who practice it (WITH LIVE EXERCISE),Canal Desconhecido,https://www.youtube.com/watch?v=82BraQeSOMc&list=PL5zSb5JDlCM0nxe2R5slXBzJzNa0rEnmG
Calistenia,Calistenia com PESO EXTRA = TREINO BRUTAL,Calistenia Brasil,https://www.youtube.com/watch?v=TkXNIUnNT9c&list=PLiIf_pXYao5QRo43sgUZR1kRB9hOEWfOs
Calistenia,Tutorial - #StreetWorkout - SWING 360°,Calistenia Brasil,https://www.youtube.com/watch?v=Npzpskb-z1E&list=PLiIf_pXYao5QRo43sgUZR1kRB9hOEWfOs
Calistenia,BRUTAL FOREARM Exercises (NO EQUIPMENT),Calistenia Brasil,https://www.youtube.com/watch?v=kCJKtwDXvJQ&list=PLiIf_pXYao5QRo43sgUZR1kRB9hOEWfOs
Calistenia,Treinando Barra: VOCÊ ESTÁ FAZENDO ISSO ERRADO!,Calistenia Brasil,https://www.youtube.com/watch?v=psny23j-V54&list=PLiIf_pXYao5QRo43sgUZR1kRB9hOEWfOs
Calistenia,Tutorial - Bandeira Humana,Calistenia Brasil,https://www.youtube.com/watch?v=iJi6ynaHxB4&list=PLiIf_pXYao5QRo43sgUZR1kRB9hOEWfOs
Calistenia,Broaden your back! (Best exercises),Calistenia Brasil,https://www.youtube.com/watch?v=p8jUrmUlVp4&list=PLiIf_pXYao5QRo43sgUZR1kRB9hOEWfOs
Calistenia,#19 - ROTINA NA ESCADA,Calistenia Brasil,https://www.youtube.com/watch?v=NAq8PAgiOt8&list=PLiIf_pXYao5QRo43sgUZR1kRB9hOEWfOs
Calistenia,#18 - ROTINA EM DUPLA,Calistenia Brasil,https://www.youtube.com/watch?v=09ZOiMUJsk4&list=PLiIf_pXYao5QRo43sgUZR1kRB9hOEWfOs
Calistenia,#17 - ROTINA UTILIZANDO SOMENTE UMA BOLA,Calistenia Brasil,https://www.youtube.com/watch?v=x1EkaOhdnaM&list=PLiIf_pXYao5QRo43sgUZR1kRB9hOEWfOs
Calistenia,#16 - 05 EXERCISES TO SNITCH YOUR ABDOMEN.,Calistenia Brasil,https://www.youtube.com/watch?v=5Hw85W43c1o&list=PLiIf_pXYao5QRo43sgUZR1kRB9hOEWfOs
Calistenia,#13  + DE 50 EXERCÍCIOS NAS PARALELAS,Calistenia Brasil,https://www.youtube.com/watch?v=-VYMZeRSc-U&list=PLiIf_pXYao5QRo43sgUZR1kRB9hOEWfOs
Calistenia,#11 -  TREINANDO SEM EQUIPAMENTOS,Calistenia Brasil,https://www.youtube.com/watch?v=nkCMJj1ACRc&list=PLiIf_pXYao5QRo43sgUZR1kRB9hOEWfOs
Calistenia,#9 - ROTINA DE PERNAS,Calistenia Brasil,https://www.youtube.com/watch?v=zcMyU3t-sj8&list=PLiIf_pXYao5QRo43sgUZR1kRB9hOEWfOs
Calistenia,EXERCÍCIOS PARA BÍCEPS COM PESO DO CORPO *SEM EQUIPAMENTOS,Calistenia Brasil,https://www.youtube.com/watch?v=g7RR7VVTc3w&list=PLiIf_pXYao5QRo43sgUZR1kRB9hOEWfOs
Calistenia,ROTINA INICIANTE  - ESTRUTURAS DE INOX,Calistenia Brasil,https://www.youtube.com/watch?v=JGibyVZUlk0&list=PLiIf_pXYao5QRo43sgUZR1kRB9hOEWfOs
Calistenia,#6 - ROTINA INTERMEDIÁRIA FULLBODY - ESTRUTURAS DE INOX,Calistenia Brasil,https://www.youtube.com/watch?v=wHozzK5v32A&list=PLiIf_pXYao5QRo43sgUZR1kRB9hOEWfOs
Calistenia,#5 - ROTINA EM UMA QUADRA,Calistenia Brasil,https://www.youtube.com/watch?v=j0LTnp1NvIc&list=PLiIf_pXYao5QRo43sgUZR1kRB9hOEWfOs
Calistenia,ROTINA PULL-DAY  *TREINANDO COSTAS,Calistenia Brasil,https://www.youtube.com/watch?v=VG21W-_knkM&list=PLiIf_pXYao5QRo43sgUZR1kRB9hOEWfOs
Calistenia,PUSH-DAY ROUTINE * TEARING UP CHEST WITHOUT EQUIPMENT,Calistenia Brasil,https://www.youtube.com/watch?v=pC-pTAKzi2g&list=PLiIf_pXYao5QRo43sgUZR1kRB9hOEWfOs
Calistenia,ROTINA ABS  PARA TRINCAR!,Calistenia Brasil,https://www.youtube.com/watch?v=xxzm9j2kb0U&list=PLiIf_pXYao5QRo43sgUZR1kRB9hOEWfOs
Calistenia,Como fazer sua PRIMEIRA BARRA ?,Calistenia Brasil,https://www.youtube.com/watch?v=HyMrNycbZuI&list=PLiIf_pXYao5QRo43sgUZR1kRB9hOEWfOs
Calistenia,AQUECIMENTO/ALONGAMENTO,Calistenia Brasil,https://www.youtube.com/watch?v=JUWB9ianwWk&list=PLiIf_pXYao5QRo43sgUZR1kRB9hOEWfOs
Calistenia,Defini meu corpo inteiro treinando em casa Calistenia Feminina | Desafio 1,Mari Piva Fortes | CALISTENIA FEMININA,https://www.youtube.com/watch?v=yO-QsElpq64&list=PLMm_moKPY1LSQsSV1aEaZ8Q9ve5mY5Us4
Calistenia,Como eu defini os braços com treinos rápidos | Calistenia Feminina (Desafio 2),Mari Piva Fortes | CALISTENIA FEMININA,https://www.youtube.com/watch?v=bclsN8GOW_Y&list=PLMm_moKPY1LSQsSV1aEaZ8Q9ve5mY5Us4
Calistenia,Meu treino de pernas fortes e definidas em casa | Desafio 3 Calistenia Feminina,Mari Piva Fortes | CALISTENIA FEMININA,https://www.youtube.com/watch?v=k1UrOT9LelM&list=PLMm_moKPY1LSQsSV1aEaZ8Q9ve5mY5Us4
Calistenia,Meu Segredo Para um Abdômen de Aço | Desafio 4 Calistenia Feminina em Casa iniciante,Mari Piva Fortes | CALISTENIA FEMININA,https://www.youtube.com/watch?v=tO2Mxf89ulk&list=PLMm_moKPY1LSQsSV1aEaZ8Q9ve5mY5Us4
Calistenia,Meu treino Costas Fortes em casa: Sem Equipamento - Calistenia Feminina,Mari Piva Fortes | CALISTENIA FEMININA,https://www.youtube.com/watch?v=KeifayCPXew&list=PLMm_moKPY1LSQsSV1aEaZ8Q9ve5mY5Us4
Calistenia,Meu Segredo para ABS Forte e Definido – Calistenia Feminina ,Mari Piva Fortes | CALISTENIA FEMININA,https://www.youtube.com/watch?v=gTh1dcpAexk&list=PLMm_moKPY1LSQsSV1aEaZ8Q9ve5mY5Us4
Calistenia,Meu Treino de Calistenia em Casa - Corpo todo sem equipamento ,Mari Piva Fortes | CALISTENIA FEMININA,https://www.youtube.com/watch?v=B5dAZSjuZwQ&list=PLMm_moKPY1LSQsSV1aEaZ8Q9ve5mY5Us4
Calistenia,Me segue para mais conteúdos de Calistenia para Mulheres,Mari Piva Fortes | CALISTENIA FEMININA,https://www.youtube.com/watch?v=ACLIpdvKMDs&list=PLMm_moKPY1LSQsSV1aEaZ8Q9ve5mY5Us4
Calistenia,Calistenia iniciante  em casa para mulheres ❤️,Mari Piva Fortes | CALISTENIA FEMININA,https://www.youtube.com/watch?v=U_E4ZcdY4w0&list=PLMm_moKPY1LSQsSV1aEaZ8Q9ve5mY5Us4
Calistenia,Calistenia para mulheres iniciante em casa 💪🏻,Mari Piva Fortes | CALISTENIA FEMININA,https://www.youtube.com/watch?v=ALt6dKHnQVc&list=PLMm_moKPY1LSQsSV1aEaZ8Q9ve5mY5Us4
Calistenia,O que você acha disso? Calistenia para mulheres 💁‍♀️,Mari Piva Fortes | CALISTENIA FEMININA,https://www.youtube.com/watch?v=bhouGmKYNNQ&list=PLMm_moKPY1LSQsSV1aEaZ8Q9ve5mY5Us4
Calistenia,Bora começar? 🔥🔥 #calistenia calistenia em casa iniciante,Mari Piva Fortes | CALISTENIA FEMININA,https://www.youtube.com/watch?v=fjgcr28o4AU&list=PLMm_moKPY1LSQsSV1aEaZ8Q9ve5mY5Us4
Calistenia,A calistenia nos uniu 🔥😍 era aqui que eu estava ha 5 anos atrás com o @pmpfortes  #calistenia,Mari Piva Fortes | CALISTENIA FEMININA,https://www.youtube.com/watch?v=uIwMhBSCxWc&list=PLMm_moKPY1LSQsSV1aEaZ8Q9ve5mY5Us4
Calistenia,Já compartilha com @ que vai treinar assim com você em 2026 🔥🔥🔥 #calistenia #calisteniainiciantes,Mari Piva Fortes | CALISTENIA FEMININA,https://www.youtube.com/watch?v=nmC8uQ7rq4g&list=PLMm_moKPY1LSQsSV1aEaZ8Q9ve5mY5Us4
Calistenia,É isso que acontece ⬇️ calistenia para mulheres em casa,Mari Piva Fortes | CALISTENIA FEMININA,https://www.youtube.com/watch?v=CpWCp_T7Aqo&list=PLMm_moKPY1LSQsSV1aEaZ8Q9ve5mY5Us4
Calistenia,Calistenia feminina em casa 🔥 #calistenia #calisteniainiciantes,Mari Piva Fortes | CALISTENIA FEMININA,https://www.youtube.com/watch?v=kBqRFK2s6vI&list=PLMm_moKPY1LSQsSV1aEaZ8Q9ve5mY5Us4
Calistenia,Calistenia 🔥ja manda para o @ que vai aprender as flexoes com vc #calistenia #calisteniainiciantes,Mari Piva Fortes | CALISTENIA FEMININA,https://www.youtube.com/watch?v=YvWcHafnqaI&list=PLMm_moKPY1LSQsSV1aEaZ8Q9ve5mY5Us4
Calistenia,Em casa Calistenia feminina já se inscreve 🔥 #calistenia,Mari Piva Fortes | CALISTENIA FEMININA,https://www.youtube.com/watch?v=VWPLE0ax9wI&list=PLMm_moKPY1LSQsSV1aEaZ8Q9ve5mY5Us4
Calistenia,É ou não é? 😂😂 #calistenia #calisteniainiciantes #calisteniafeminina,Mari Piva Fortes | CALISTENIA FEMININA,https://www.youtube.com/watch?v=2Fgv4aNlMeQ&list=PLMm_moKPY1LSQsSV1aEaZ8Q9ve5mY5Us4
Calistenia,Calistenia iniciante em casa 🔥 #calistenia #calisteniainiciantes #treinodeforça,Mari Piva Fortes | CALISTENIA FEMININA,https://www.youtube.com/watch?v=0hWW4NK6CZk&list=PLMm_moKPY1LSQsSV1aEaZ8Q9ve5mY5Us4
Calistenia,Calistenia em casa #calistenia #calisteniainiciantes #flexaodebraco,Mari Piva Fortes | CALISTENIA FEMININA,https://www.youtube.com/watch?v=m-H3S6ooZL8&list=PLMm_moKPY1LSQsSV1aEaZ8Q9ve5mY5Us4
Calistenia,Calistenia não é só entretenimento #calistenia #calisteniainiciantes #calisteniafeminina,Mari Piva Fortes | CALISTENIA FEMININA,https://www.youtube.com/watch?v=tyzI0DBlDfw&list=PLMm_moKPY1LSQsSV1aEaZ8Q9ve5mY5Us4
Calistenia,Você prometeu né? Bora calistenia para mulheres iniciante em casa #calistenia,Mari Piva Fortes | CALISTENIA FEMININA,https://www.youtube.com/watch?v=TVqYr1KuMP8&list=PLMm_moKPY1LSQsSV1aEaZ8Q9ve5mY5Us4
Calistenia,Calistenia em casa para mulheres iniciantes #calistenia #fyp,Mari Piva Fortes | CALISTENIA FEMININA,https://www.youtube.com/watch?v=XHgxh7l388E&list=PLMm_moKPY1LSQsSV1aEaZ8Q9ve5mY5Us4
Calistenia,Calistenia para mulheres 🔥 #calistenia #calisteniainiciantes #calisteniafeminina #viral #barrafixa,Mari Piva Fortes | CALISTENIA FEMININA,https://www.youtube.com/watch?v=wv9Y0fLV2w4&list=PLMm_moKPY1LSQsSV1aEaZ8Q9ve5mY5Us4
Calistenia,Quando a força fica leve 💪🏻🔥 #calistenia #calisteniainiciantes,Mari Piva Fortes | CALISTENIA FEMININA,https://www.youtube.com/watch?v=tCdCXuFQRWo&list=PLMm_moKPY1LSQsSV1aEaZ8Q9ve5mY5Us4
Calistenia,Forte com calistenia feminina #calistenia #longevidade #calisteniainiciantes,Mari Piva Fortes | CALISTENIA FEMININA,https://www.youtube.com/watch?v=D3hkvRecAgA&list=PLMm_moKPY1LSQsSV1aEaZ8Q9ve5mY5Us4
Calistenia,Treino de costas em casa com peso extra de fofura ❤️ #calistenia,Mari Piva Fortes | CALISTENIA FEMININA,https://www.youtube.com/watch?v=Qxd_lCkr9ZQ&list=PLMm_moKPY1LSQsSV1aEaZ8Q9ve5mY5Us4
Calistenia,Desafio de calistenia feminina #calistenia,Mari Piva Fortes | CALISTENIA FEMININA,https://www.youtube.com/watch?v=-c8jYD_2ITo&list=PLMm_moKPY1LSQsSV1aEaZ8Q9ve5mY5Us4
Calistenia,Pernas fortes com treino em casa de calistenia feminina,Mari Piva Fortes | CALISTENIA FEMININA,https://www.youtube.com/watch?v=zjAS81cH5y8&list=PLMm_moKPY1LSQsSV1aEaZ8Q9ve5mY5Us4
Calistenia,Como começar na calistenia?,Mari Piva Fortes | CALISTENIA FEMININA,https://www.youtube.com/watch?v=7oe5eAdWq64&list=PLMm_moKPY1LSQsSV1aEaZ8Q9ve5mY5Us4
Treino Funcional,4 MINUTOS PARA PERDER BARRIGA E DEFINIR [para iniciantes],Exercício em Casa,https://www.youtube.com/watch?v=pBX6lDWZ65A&list=PLsTqUcSUZLJEBxKycROdWHx3P3PnSN4UN
Treino Funcional,EXERCÍCIOS FÁCEIS PARA INICIANTES - QUEIME MUITAS CALORIAS,Exercício em Casa,https://www.youtube.com/watch?v=XW9IZfHiVZM&list=PLsTqUcSUZLJEBxKycROdWHx3P3PnSN4UN
Treino Funcional,Emagreça Dançando em 14 minutos (Treino em Casa),Exercício em Casa,https://www.youtube.com/watch?v=-SmJBqKFfk4&list=PLsTqUcSUZLJEBxKycROdWHx3P3PnSN4UN
Treino Funcional,HIIT PARA ACABAR COM A BARRIGA,Exercício em Casa,https://www.youtube.com/watch?v=gVwm0dSpvAQ&list=PLsTqUcSUZLJEBxKycROdWHx3P3PnSN4UN
Treino Funcional,Treino Com Faixa Elástica Mini Band para O BUMBUM E CULOTE,Exercício em Casa,https://www.youtube.com/watch?v=-hjslS2rhTM&list=PLsTqUcSUZLJEBxKycROdWHx3P3PnSN4UN
Treino Funcional,4 exercícios para REDUZIR FLACIDEZ DOS BRAÇOS,Exercício em Casa,https://www.youtube.com/watch?v=ECgz-bVYLbg&list=PLsTqUcSUZLJEBxKycROdWHx3P3PnSN4UN
Treino Funcional,4 exercícios para levantar o bumbum rápido,Exercício em Casa,https://www.youtube.com/watch?v=4inQW_Fu-qo&list=PLsTqUcSUZLJEBxKycROdWHx3P3PnSN4UN
Treino Funcional,TREINO EM CASA PARA REDUZIR MEDIDAS DA BARRIGA - Queima tudo em 10 minutos,Exercício em Casa,https://www.youtube.com/watch?v=Pw33gVIqT3Q&list=PLsTqUcSUZLJEBxKycROdWHx3P3PnSN4UN
Treino Funcional,TREINO PARA EMAGRECER - QUEIME O MÁXIMO DE CALORIAS FAZENDO O MAIS RÁPIDO POSSÍVEL,Exercício em Casa,https://www.youtube.com/watch?v=wru7VpXZOiM&list=PLsTqUcSUZLJEBxKycROdWHx3P3PnSN4UN
Treino Funcional,10 MIN de TREINO HIIT PARA EMAGRECER [EM CASA],Exercício em Casa,https://www.youtube.com/watch?v=l3eM26vghss&list=PLsTqUcSUZLJEBxKycROdWHx3P3PnSN4UN
Treino Funcional,Treino de Bumbum e Pernas. Construa massa magra,Exercício em Casa,https://www.youtube.com/watch?v=MtkkrM5ht24&list=PLsTqUcSUZLJEBxKycROdWHx3P3PnSN4UN
Treino Funcional,4 minutos de treino para pernas e abdômen em casa,Exercício em Casa,https://www.youtube.com/watch?v=oSARbpeuGNM&list=PLsTqUcSUZLJEBxKycROdWHx3P3PnSN4UN
Treino Funcional,TREINO TABATA PARA SECAR GORDURA,Exercício em Casa,https://www.youtube.com/watch?v=fymMZBk-8yQ&list=PLsTqUcSUZLJEBxKycROdWHx3P3PnSN4UN
Treino Funcional,Alongamento FÁCIL para PERNAS e BRAÇOS ...,Exercício em Casa,https://www.youtube.com/watch?v=XNll0I2Xll0&list=PLsTqUcSUZLJEBxKycROdWHx3P3PnSN4UN
Treino Funcional,ABS Workout | 7 exercícios abdominais para trincar barriga | Menos de 10min por dia,Exercício em Casa,https://www.youtube.com/watch?v=g3CJIOW4dnE&list=PLsTqUcSUZLJEBxKycROdWHx3P3PnSN4UN
Treino Funcional,Quick workout to flatten your stomach in 21 days.,Exercício em Casa,https://www.youtube.com/watch?v=i2NRskV5pWI&list=PLsTqUcSUZLJEBxKycROdWHx3P3PnSN4UN
Treino Funcional,15min Treino para Emagrecer Mais Rápido (Em Casa) - Exercício em Casa,Exercício em Casa,https://www.youtube.com/watch?v=IVIcp5vGRhI&list=PLsTqUcSUZLJEBxKycROdWHx3P3PnSN4UN
Treino Funcional,Serie básica de Yoga Saudação ao Sol - Iniciantes,Exercício em Casa,https://www.youtube.com/watch?v=VIWvx8o2J6U&list=PLsTqUcSUZLJEBxKycROdWHx3P3PnSN4UN
Treino Funcional,HIIT TABATA para EMAGRECER RÁPIDO,Exercício em Casa,https://www.youtube.com/watch?v=WzcoFFSdRj4&list=PLsTqUcSUZLJEBxKycROdWHx3P3PnSN4UN
Treino Funcional,TREINO PARA SAÚDE DA MULHER - EVITE INCONTINÊNCIA URINÁRIA,Exercício em Casa,https://www.youtube.com/watch?v=HqX6qTmYRgQ&list=PLsTqUcSUZLJEBxKycROdWHx3P3PnSN4UN
Treino Funcional,3 exercícios SIMPLES para QUEIMAR GORDURA #minitreinoec,Exercício em Casa,https://www.youtube.com/watch?v=9qXuFNsX15k&list=PLsTqUcSUZLJEBxKycROdWHx3P3PnSN4UN
Treino Funcional,DEFINE YOUR ABDOMEN AT HOME - WORKOUT TO BURN CALORIES,Exercício em Casa,https://www.youtube.com/watch?v=PNTVEcyNngw&list=PLsTqUcSUZLJEBxKycROdWHx3P3PnSN4UN
Treino Funcional,TREINO RÁPIDO CHAPA BARRIGA - Exercício em Casa,Exercício em Casa,https://www.youtube.com/watch?v=H52bx0mJi9s&list=PLsTqUcSUZLJEBxKycROdWHx3P3PnSN4UN
Treino Funcional,TREINO DE PERNA E BUMBUM - LEVANTE  O BUMBUM E TIRE O CULOTE,Exercício em Casa,https://www.youtube.com/watch?v=5q1iHJXWVtY&list=PLsTqUcSUZLJEBxKycROdWHx3P3PnSN4UN
Treino Funcional,Treino rápido para braços e barriga,Exercício em Casa,https://www.youtube.com/watch?v=XEEWDHz-otQ&list=PLsTqUcSUZLJEBxKycROdWHx3P3PnSN4UN
Treino Funcional,MINI-TREINO PARA DERRETER GORDURA,Exercício em Casa,https://www.youtube.com/watch?v=6iNGTdtzONQ&list=PLsTqUcSUZLJEBxKycROdWHx3P3PnSN4UN
Treino Funcional,TREINO RÁPIDO PRA EMPINAR BUMBUM! ESPECIAL CARNAVAL,Exercício em Casa,https://www.youtube.com/watch?v=gnUZxbkDwhA&list=PLsTqUcSUZLJEBxKycROdWHx3P3PnSN4UN
Treino Funcional,3 MOVIMENTOS PARA EMAGRECER - Nível avançado,Exercício em Casa,https://www.youtube.com/watch?v=dvtFDvqvoyg&list=PLsTqUcSUZLJEBxKycROdWHx3P3PnSN4UN
Treino Funcional,Treino de Pernas APENAS COM PESO DO CORPO,Exercício em Casa,https://www.youtube.com/watch?v=e41diT83XbI&list=PLsTqUcSUZLJEBxKycROdWHx3P3PnSN4UN
Treino Funcional,Hiit - Treino para PERDER BARRIGA,Exercício em Casa,https://www.youtube.com/watch?v=L1JVWz4XOxs&list=PLsTqUcSUZLJEBxKycROdWHx3P3PnSN4UN
Treino Funcional,Treino de PERNAS para definir os músculos 🔥,Exercício em Casa,https://www.youtube.com/watch?v=mvf_fdbePdg&list=PLsTqUcSUZLJEBxKycROdWHx3P3PnSN4UN
Treino Funcional,Leg Exercises - Lira with her baby Davi ❤️,Exercício em Casa,https://www.youtube.com/watch?v=CfBV1PmwBx0&list=PLsTqUcSUZLJEBxKycROdWHx3P3PnSN4UN
Treino Funcional,DEFINE your BELLY with 5 exercises at home,Exercício em Casa,https://www.youtube.com/watch?v=7YdXk2maHKQ&list=PLsTqUcSUZLJEBxKycROdWHx3P3PnSN4UN
Treino Funcional,MINI-TREINO POWER PARA O CORPO TODO!,Exercício em Casa,https://www.youtube.com/watch?v=N0oWON50PZk&list=PLsTqUcSUZLJEBxKycROdWHx3P3PnSN4UN
Treino Funcional,MINI-TREINO TURBINADO PARA PERNAS!,Exercício em Casa,https://www.youtube.com/watch?v=e06g6nCjm1I&list=PLsTqUcSUZLJEBxKycROdWHx3P3PnSN4UN
Treino Funcional,Treino com peso do corpo inspirados em animais para fortalecer o corpo,Exercício em Casa,https://www.youtube.com/watch?v=mia_68y9SZ8&list=PLsTqUcSUZLJEBxKycROdWHx3P3PnSN4UN
Treino Funcional,"15 minutes of HIIT cardio for fat burning and weight loss at home, without equipment.",Renan Gonçalves - Treino em casa,https://www.youtube.com/watch?v=SOFy15AN5sI&list=PLEYmgnKKkXV3dltf3-WIbgNeoh0FNWhcp
Treino Funcional,TREINO CARDIO HIIT 25 MINUTOS PARA PERDER BARRIGA EM CASA ( 500 calorias ),Renan Gonçalves - Treino em casa,https://www.youtube.com/watch?v=6LE8IB_CJ-w&list=PLEYmgnKKkXV3dltf3-WIbgNeoh0FNWhcp
Treino Funcional,"TREINO INTERVALADO DE ALTA INTENSIDADE - queima de gordura em casa completa, sem equipamentos (HIIT)",Renan Gonçalves - Treino em casa,https://www.youtube.com/watch?v=M92duuSJf58&list=PLEYmgnKKkXV3dltf3-WIbgNeoh0FNWhcp
Treino Funcional,22 MIN of HIIT CARDIO vs. LEGS AND GLUTES | CHALLENGE to burn fat and tone legs and glutes,Renan Gonçalves - Treino em casa,https://www.youtube.com/watch?v=Vtt1Qq3JS-I&list=PLEYmgnKKkXV3dltf3-WIbgNeoh0FNWhcp
Treino Funcional,"TREINO HIIT 15 MIN para o corpo inteiro, ative a queima de gordura e mobilidade (cardio em casa)",Renan Gonçalves - Treino em casa,https://www.youtube.com/watch?v=n3S-8YMBn30&list=PLEYmgnKKkXV3dltf3-WIbgNeoh0FNWhcp
Treino Funcional,"Treino HIIT de 10 minutos para queima de gordura - Corpo inteiro Cardio (sem equipamento, em casa)",Renan Gonçalves - Treino em casa,https://www.youtube.com/watch?v=gErLOg2aOq8&list=PLEYmgnKKkXV3dltf3-WIbgNeoh0FNWhcp
Treino Funcional,"20 Minute Fat Burning HIIT Workout - Full Body Cardio, No Equipment",Renan Gonçalves - Treino em casa,https://www.youtube.com/watch?v=qT3zyUbcAKA&list=PLEYmgnKKkXV3dltf3-WIbgNeoh0FNWhcp
Treino Funcional,Treino HIIT de 30 minutos para PERDA DE GORDURA - treino de CORPO INTEIRO em casa,Renan Gonçalves - Treino em casa,https://www.youtube.com/watch?v=_spluICgLc0&list=PLEYmgnKKkXV3dltf3-WIbgNeoh0FNWhcp
Treino Funcional,Cardio HIIT com Foco nas PERNAS e Glúteos | ALTA INTENSIDADE 🔥 | sem equipamento  | Treino em Casa,Renan Gonçalves - Treino em casa,https://www.youtube.com/watch?v=dbgs0sCN50U&list=PLEYmgnKKkXV3dltf3-WIbgNeoh0FNWhcp
Treino Funcional,"TREINO HIIT DE 12 MIN - TODOS EM PÉ - Cardiocorpo inteiro, sem equipamento, em casa",Renan Gonçalves - Treino em casa,https://www.youtube.com/watch?v=tVNIiEEtVjo&list=PLEYmgnKKkXV3dltf3-WIbgNeoh0FNWhcp
Treino Funcional,Treino FÁCIL para Emagrecer Rápido | 100% AERÓBICO | 🔥500 Calorias em 18 minutos,Renan Gonçalves - Treino em casa,https://www.youtube.com/watch?v=2JU5zcUp08E&list=PLEYmgnKKkXV3dltf3-WIbgNeoh0FNWhcp
Treino Funcional,TRAINING THIS WAY DOESN'T LET YOU GIVE UP | Hiit at home | Lose weight fast | 400 calories,Renan Gonçalves - Treino em casa,https://www.youtube.com/watch?v=KlyZgicb2KE&list=PLEYmgnKKkXV3dltf3-WIbgNeoh0FNWhcp
Treino Funcional,TREINO INTENSO para GASTAR🔥 700 calorias | INICIANTES | 20 minutos | HIIT,Renan Gonçalves - Treino em casa,https://www.youtube.com/watch?v=spVbNXtIhmE&list=PLEYmgnKKkXV3dltf3-WIbgNeoh0FNWhcp
Treino Funcional,CARDIO WORKOUT to START at Home 15 minutes | HIIT TO LOSE WEIGHT | 400 Cal🔥,Renan Gonçalves - Treino em casa,https://www.youtube.com/watch?v=6NBYmv4uAOI&list=PLEYmgnKKkXV3dltf3-WIbgNeoh0FNWhcp
Treino Funcional,O Treino CERTO para perder a BARRIGA | 🔥670 calorias | 30 minutos | HiiT,Renan Gonçalves - Treino em casa,https://www.youtube.com/watch?v=2m6IIz9SCV4&list=PLEYmgnKKkXV3dltf3-WIbgNeoh0FNWhcp
Treino Funcional,Workout to LOSE weight FAST | HIIT to lose belly fat | INTENSE Cardio,Renan Gonçalves - Treino em casa,https://www.youtube.com/watch?v=BGCBLgb1bHI&list=PLEYmgnKKkXV3dltf3-WIbgNeoh0FNWhcp
Treino Funcional,EASY workout to START at HOME | HIIT 14 minutes | TOTAL BODY DEFINITION,Renan Gonçalves - Treino em casa,https://www.youtube.com/watch?v=Csy4cJadEmQ&list=PLEYmgnKKkXV3dltf3-WIbgNeoh0FNWhcp
Treino Funcional,"SUPER INTENSE Cardio Hiit to burn up to 1,000 calories | home workout",Renan Gonçalves - Treino em casa,https://www.youtube.com/watch?v=eqHU6N-uYqY&list=PLEYmgnKKkXV3dltf3-WIbgNeoh0FNWhcp
Treino Funcional,INTENSE FULL BODY WORKOUT | 15 minutes | Burns 400 calories | HIIT at home,Renan Gonçalves - Treino em casa,https://www.youtube.com/watch?v=TBvpOL8EZ2Y&list=PLEYmgnKKkXV3dltf3-WIbgNeoh0FNWhcp
Treino Funcional,Cardio HIIT Completo para QUEIMAR GORDURA 🔥| com HALTERES | 25 minutos,Renan Gonçalves - Treino em casa,https://www.youtube.com/watch?v=f5QBOdHmH3Y&list=PLEYmgnKKkXV3dltf3-WIbgNeoh0FNWhcp
Treino Funcional,Training like this will DEFINE your body in a FEW days | Hiit at home | 500 Calories | 15 minutes,Renan Gonçalves - Treino em casa,https://www.youtube.com/watch?v=jtfd1JnLpCM&list=PLEYmgnKKkXV3dltf3-WIbgNeoh0FNWhcp
Treino Funcional,O Treino mais COMPLETO de SUPERIORES sem pesos | HIIT em casa | 23 minutos,Renan Gonçalves - Treino em casa,https://www.youtube.com/watch?v=YD2Ce-D0MD0&list=PLEYmgnKKkXV3dltf3-WIbgNeoh0FNWhcp
Treino Funcional,TRAINING LIKE THIS YOU CHANGE YOUR BODY FAST | 500 calories🔥 | 17 minutes at home,Renan Gonçalves - Treino em casa,https://www.youtube.com/watch?v=Q73oKABrKu0&list=PLEYmgnKKkXV3dltf3-WIbgNeoh0FNWhcp
Treino Funcional,THE BEST WORKOUT TO LOSE BELLY FAT | 670 calories 🔥 | HIIT 18 minutes,Renan Gonçalves - Treino em casa,https://www.youtube.com/watch?v=D9dt5OG9tRw&list=PLEYmgnKKkXV3dltf3-WIbgNeoh0FNWhcp
Treino Funcional,ESSE TREINO VAI TRANSFORMAR SEU CORPO INTEIRO!  600 calorias🔥 | 17 minutos,Renan Gonçalves - Treino em casa,https://www.youtube.com/watch?v=WImu1Fn2QY8&list=PLEYmgnKKkXV3dltf3-WIbgNeoh0FNWhcp
Treino Funcional,COMPLETE DYNAMIC workout for beginners | EXPENDITURE - 800 calories | 27 minutes,Renan Gonçalves - Treino em casa,https://www.youtube.com/watch?v=Gpx7GeLCjLU&list=PLEYmgnKKkXV3dltf3-WIbgNeoh0FNWhcp
Treino Funcional,DON'T DO A WORKOUT BEFORE WATCHING THIS VIDEO | 12 minutes | EASY HIIT,Renan Gonçalves - Treino em casa,https://www.youtube.com/watch?v=79kEkXzVVd0&list=PLEYmgnKKkXV3dltf3-WIbgNeoh0FNWhcp
Treino Funcional,ESSE TREINO VIROU A MINHA CHAVE | Hiit em casa | sem repetição,Renan Gonçalves - Treino em casa,https://www.youtube.com/watch?v=hxd4u3WkXQw&list=PLEYmgnKKkXV3dltf3-WIbgNeoh0FNWhcp
Treino Funcional,Treino CARDIO para Perder Barriga em CASA | HIIT | 14 MINUTOS | 500 calorias,Renan Gonçalves - Treino em casa,https://www.youtube.com/watch?v=aSQiYSzails&list=PLEYmgnKKkXV3dltf3-WIbgNeoh0FNWhcp
Treino Funcional,Treino para QUEIMAR Calorias em Casa | HIIT 12 minutos | sem equipamentos,Renan Gonçalves - Treino em casa,https://www.youtube.com/watch?v=Gn0c3rqTpE4&list=PLEYmgnKKkXV3dltf3-WIbgNeoh0FNWhcp
Treino Funcional,HIIT Workouts for BEGINNERS | Home Workout | 10 Minutes | 400 Calories,Renan Gonçalves - Treino em casa,https://www.youtube.com/watch?v=f0Ep5uZm8ow&list=PLEYmgnKKkXV3dltf3-WIbgNeoh0FNWhcp
Treino Funcional,Cardio SUPER INTENSO em 20 min | para QUEIMAR MUITA caloria | HIIT em Casa,Renan Gonçalves - Treino em casa,https://www.youtube.com/watch?v=SsI-Dp6DD98&list=PLEYmgnKKkXV3dltf3-WIbgNeoh0FNWhcp
Treino Funcional,THIS WORKOUT WILL CHANGE YOUR BODY IN 5 DAYS | HIIT AT HOME | 500 calories,Renan Gonçalves - Treino em casa,https://www.youtube.com/watch?v=t-celr2_-Fg&list=PLEYmgnKKkXV3dltf3-WIbgNeoh0FNWhcp
Treino Funcional,20-minute Cardio Workout with Only Aerobic Exercises | HIIT at home (((500 calories))),Renan Gonçalves - Treino em casa,https://www.youtube.com/watch?v=e8uJ5-kiC58&list=PLEYmgnKKkXV3dltf3-WIbgNeoh0FNWhcp
Treino Funcional,Workout EVERY day LIKE THIS to get an Athlete's Body | HIIT | [workout at home],Renan Gonçalves - Treino em casa,https://www.youtube.com/watch?v=93fLmgPSOUU&list=PLEYmgnKKkXV3dltf3-WIbgNeoh0FNWhcp
Treino Funcional,Multifunctional workout to do at home in 10 minutes | HIIT,Renan Gonçalves - Treino em casa,https://www.youtube.com/watch?v=YRGfbySBv-c&list=PLEYmgnKKkXV3dltf3-WIbgNeoh0FNWhcp
Treino Funcional,Workout to BURN Calories for a WHOLE DAY | HIIT AT HOME | 10 minutes,Renan Gonçalves - Treino em casa,https://www.youtube.com/watch?v=PapPFZX8BPs&list=PLEYmgnKKkXV3dltf3-WIbgNeoh0FNWhcp
Treino Funcional,Treino 10 minutos para GASTAR calorias por até 2 DIAS!  [HIIT EM CASA],Renan Gonçalves - Treino em casa,https://www.youtube.com/watch?v=ObDAK5W0Cs8&list=PLEYmgnKKkXV3dltf3-WIbgNeoh0FNWhcp
Treino Funcional,Treino de CARDIO para Perder Barriga | HIIT em Casa 400 Calorias,Renan Gonçalves - Treino em casa,https://www.youtube.com/watch?v=YOyxZiVOWnY&list=PLEYmgnKKkXV3dltf3-WIbgNeoh0FNWhcp
Treino Funcional,Easy Workout for BEGINNERS full body | Hiit at Home | 300 calories | lose belly,Renan Gonçalves - Treino em casa,https://www.youtube.com/watch?v=gz718b8pNYw&list=PLEYmgnKKkXV3dltf3-WIbgNeoh0FNWhcp
Treino Funcional,HOME Workout to Lose WEIGHT | Exercises to LOSE WEIGHT in 10 Minutes | Hiit,Renan Gonçalves - Treino em casa,https://www.youtube.com/watch?v=EFNP1ZrPviU&list=PLEYmgnKKkXV3dltf3-WIbgNeoh0FNWhcp
Treino Funcional,EASY BEGINNERS FULL BODY WORKOUT | HIIT 400 CALORIES 🔥,Renan Gonçalves - Treino em casa,https://www.youtube.com/watch?v=v95FfAiva7k&list=PLEYmgnKKkXV3dltf3-WIbgNeoh0FNWhcp
Treino Funcional,Treino FÁCIL Seca Barriga | HIIT EM CASA | MÉTODO DESBLOQUEADO 🔐,Renan Gonçalves - Treino em casa,https://www.youtube.com/watch?v=NrVuTQnh2WE&list=PLEYmgnKKkXV3dltf3-WIbgNeoh0FNWhcp
Treino Funcional,8 MINUTES of HOME EXERCISES to REDUCE your BELLY Daily! [HOME WORKOUT],Renan Gonçalves - Treino em casa,https://www.youtube.com/watch?v=GHtinCkSmew&list=PLEYmgnKKkXV3dltf3-WIbgNeoh0FNWhcp
Treino Funcional,HIIT 30 MINUTOS para QUEIMAR 500 CALORIAS | TREINO EM CASA | CARDIO INTENSO,Renan Gonçalves - Treino em casa,https://www.youtube.com/watch?v=3Xa5zgunhlo&list=PLEYmgnKKkXV3dltf3-WIbgNeoh0FNWhcp
Treino Funcional,10 EASY EXERCISES TO LOSE BELLY FAT FAST | HIIT | 500 CALORIES 🔥 [HOME WORKOUTS],Renan Gonçalves - Treino em casa,https://www.youtube.com/watch?v=pGZ7zmrc1do&list=PLEYmgnKKkXV3dltf3-WIbgNeoh0FNWhcp
Treino Funcional,7 EXERCÍCIOS para 🔥SECAR BARRIGA em 7 DIAS 😱 | treino hiit | INICIANTES | [treino em casa],Renan Gonçalves - Treino em casa,https://www.youtube.com/watch?v=-uvnkgHhKiY&list=PLEYmgnKKkXV3dltf3-WIbgNeoh0FNWhcp
Treino Funcional,Complete Workout to Lose Belly Fat at Home | HIIT 500 Calories | Tabata 13 Minutes,Renan Gonçalves - Treino em casa,https://www.youtube.com/watch?v=1IsBuAVR3x0&list=PLEYmgnKKkXV3dltf3-WIbgNeoh0FNWhcp
Treino Funcional,HIIT 400 calorie workout - 12 minutes to LOSE BELLY,Renan Gonçalves - Treino em casa,https://www.youtube.com/watch?v=5r_P-SHvXa0&list=PLEYmgnKKkXV3dltf3-WIbgNeoh0FNWhcp
Treino Funcional,MELHORES EXERCÍCIOS para [PERDER BARRIGA] em casa! Treino HIIT | INICIANTES | 400cal🔥,Renan Gonçalves - Treino em casa,https://www.youtube.com/watch?v=08fh5VK4tEk&list=PLEYmgnKKkXV3dltf3-WIbgNeoh0FNWhcp
Treino Funcional,[PERNAS E GLÚTEOS] Treino em CASA | 🚀 10 Minutos de GANHO MUSCULAR | HIIT | 470 CALORIAS🔥,Renan Gonçalves - Treino em casa,https://www.youtube.com/watch?v=Zs4lLeVB-qw&list=PLEYmgnKKkXV3dltf3-WIbgNeoh0FNWhcp
Treino Funcional,CARDIO Workout to LOSE BELLY FAT and 🔥SLIMMING🔥 Fast | HIIT to do at Home!,Renan Gonçalves - Treino em casa,https://www.youtube.com/watch?v=A--6BgzM-KM&list=PLEYmgnKKkXV3dltf3-WIbgNeoh0FNWhcp
Treino Funcional,Easy workout to burn 🔥700 calories | Beginners | 18 minutes | HIIT,Renan Gonçalves - Treino em casa,https://www.youtube.com/watch?v=VW4YRDcCkVU&list=PLEYmgnKKkXV3dltf3-WIbgNeoh0FNWhcp
Treino Funcional,Treino HIIT EM CASA | 13 minutos | INTENSO | QUEIMAR CALORIAS🔥,Renan Gonçalves - Treino em casa,https://www.youtube.com/watch?v=Zd4QJTcPAc8&list=PLEYmgnKKkXV3dltf3-WIbgNeoh0FNWhcp
Treino Funcional,Treino em CASA | DESAFIO 600 calorias🔥| HIIT | sem EQUIPAMENTO | 15 minutos,Renan Gonçalves - Treino em casa,https://www.youtube.com/watch?v=k5DKN8X5ZGE&list=PLEYmgnKKkXV3dltf3-WIbgNeoh0FNWhcp
Treino Funcional,Treino de ABDÔMEN | EM CASA | TRINCAR sem EQUIPAMENTOS | INICIANTES,Renan Gonçalves - Treino em casa,https://www.youtube.com/watch?v=R859kwn3tJY&list=PLEYmgnKKkXV3dltf3-WIbgNeoh0FNWhcp
Treino Funcional,Treino RÁPIDO para PERDER BARRIGA | EM CASA | HIIT | INTENSO,Renan Gonçalves - Treino em casa,https://www.youtube.com/watch?v=bh6bJOUyHps&list=PLEYmgnKKkXV3dltf3-WIbgNeoh0FNWhcp
Treino Funcional,Treino em CASA para PERDER BARRIGA | HIIT 17 MINUTOS | SEM EQUIPAMENTOS,Renan Gonçalves - Treino em casa,https://www.youtube.com/watch?v=WtmnhoQLBJE&list=PLEYmgnKKkXV3dltf3-WIbgNeoh0FNWhcp
Treino Funcional,Treino FÁCIL para INICIANTES | EM CASA | 400 calorias🔥 | Tabata 15 MIN,Renan Gonçalves - Treino em casa,https://www.youtube.com/watch?v=vt_64jPIRUE&list=PLEYmgnKKkXV3dltf3-WIbgNeoh0FNWhcp
Treino Funcional,TREINO para INICIANTES de SUPERIORES e ABDÔMEN | HIIT | TONIFICAR O CORPO,Renan Gonçalves - Treino em casa,https://www.youtube.com/watch?v=Im16jb4bJNQ&list=PLEYmgnKKkXV3dltf3-WIbgNeoh0FNWhcp
Treino Funcional,✅ TREINO RÁPIDO para SECAR BARRIGA | EM CASA | 400 CALORIAS🔥 | INICIANTES,Renan Gonçalves - Treino em casa,https://www.youtube.com/watch?v=24xEPeJMZzk&list=PLEYmgnKKkXV3dltf3-WIbgNeoh0FNWhcp
Treino Funcional,🔥Treino 15 minutos para PERDER GORDURA da BARRIGA | Hiit em CASA | Tabata INICIANTES,Renan Gonçalves - Treino em casa,https://www.youtube.com/watch?v=XvPhVBDNwf0&list=PLEYmgnKKkXV3dltf3-WIbgNeoh0FNWhcp
Treino Funcional,Treino FÁCIL E INTENSO para INICIANTES | 500 CALORIAS🔥 | EM CASA,Renan Gonçalves - Treino em casa,https://www.youtube.com/watch?v=l5Lxh1bU3Cg&list=PLEYmgnKKkXV3dltf3-WIbgNeoh0FNWhcp
Treino Funcional,Treino CARDIO para INICIANTES em CASA | HIIT | 500 CALORIAS | 15 MIN,Renan Gonçalves - Treino em casa,https://www.youtube.com/watch?v=dcye-lijz1E&list=PLEYmgnKKkXV3dltf3-WIbgNeoh0FNWhcp
Treino Funcional,Treino INTENSO para INICIANTES | HIIT | 10 MINUTOS | 400 CALORIAS🔥 | CORPO TODO,Renan Gonçalves - Treino em casa,https://www.youtube.com/watch?v=smzS2zFuwpo&list=PLEYmgnKKkXV3dltf3-WIbgNeoh0FNWhcp
Treino Funcional,DESAFIO 17 minutos - Treino para INICIANTES EM CASA | HIIT | Treino completo!,Renan Gonçalves - Treino em casa,https://www.youtube.com/watch?v=xxbVWeOPqJ0&list=PLEYmgnKKkXV3dltf3-WIbgNeoh0FNWhcp
Treino Funcional,Treino Fácil para INICIANTES | HIIT | MUITAS calorias🔥 | EM CASA  | Tabata 10 minutos,Renan Gonçalves - Treino em casa,https://www.youtube.com/watch?v=DVY20OoF6tc&list=PLEYmgnKKkXV3dltf3-WIbgNeoh0FNWhcp
Treino Funcional,Treino SIMPLES para INICIANTES corpo todo | HIIT | 400 Caloria 🔥 | EM CASA | Tabata 10 Minutos,Renan Gonçalves - Treino em casa,https://www.youtube.com/watch?v=_kecXTaD1dI&list=PLEYmgnKKkXV3dltf3-WIbgNeoh0FNWhcp
Treino Funcional,Treino SIMPLES para INICIANTES | HIIT | 400 calorias🔥 | EM CASA | Tabata 10 minutos,Renan Gonçalves - Treino em casa,https://www.youtube.com/watch?v=rdMsrKfqiWk&list=PLEYmgnKKkXV3dltf3-WIbgNeoh0FNWhcp
Treino Funcional,Treino para PERDER PESO e DEFINIR ABDÔMEN RÁPIDO  | HIIT | 500 calorias 🔥 | INICIANTES | SECAR,Renan Gonçalves - Treino em casa,https://www.youtube.com/watch?v=5CI4ivbXc2s&list=PLEYmgnKKkXV3dltf3-WIbgNeoh0FNWhcp
Treino Funcional,Treino ABDOMINAL INTENSO🔥 | HIIT | INICIANTES | ABS completo | 12 MINUTOS,Renan Gonçalves - Treino em casa,https://www.youtube.com/watch?v=LVfAbGkM8bQ&list=PLEYmgnKKkXV3dltf3-WIbgNeoh0FNWhcp
Treino Funcional,Treino para PERDER PESO RÁPIDO | HIIT | 🔥500 calorias | INICIANTES | 15 minutos,Renan Gonçalves - Treino em casa,https://www.youtube.com/watch?v=nMOL0ud4ewg&list=PLEYmgnKKkXV3dltf3-WIbgNeoh0FNWhcp
Treino Funcional,Treino FÁCIL para INICIANTES | HIIT | 400 calorias🔥 | EM CASA  | Tabata 12 minutos,Renan Gonçalves - Treino em casa,https://www.youtube.com/watch?v=XaqXA5kPEIo&list=PLEYmgnKKkXV3dltf3-WIbgNeoh0FNWhcp
Treino Funcional,🔥Treino HIIT para quem tem PROBLEMA no joelho | ADAPTAÇÃO de exercício,Renan Gonçalves - Treino em casa,https://www.youtube.com/watch?v=322jgfqI7Mw&list=PLEYmgnKKkXV3dltf3-WIbgNeoh0FNWhcp
Treino Funcional,Treino HIT 5 MINUTOS | para QUEIMAR MUITA gordura 🔥,Renan Gonçalves - Treino em casa,https://www.youtube.com/watch?v=S-zwDIDbfp8&list=PLEYmgnKKkXV3dltf3-WIbgNeoh0FNWhcp
Alimentação Saudável,THE POWERFUL STRONG FOOD (HOW DOES IT WORK?),Rodrigo Polesso,https://www.youtube.com/watch?v=oNj-7E4nebw&list=PL0ZwP-OIgrSymEKBIC1essT3X4yJFumPQ
Alimentação Saudável,STRONG Nutrition: What is it? How to do it? Benefits?,Rodrigo Polesso,https://www.youtube.com/watch?v=xf4xCFZMjtA&list=PL0ZwP-OIgrSymEKBIC1essT3X4yJFumPQ
Alimentação Saudável,😋STRONG FOOD - 5 Foods to Eat and 3 to Avoid!,Rodrigo Polesso,https://www.youtube.com/watch?v=QssQdF7CGXU&list=PL0ZwP-OIgrSymEKBIC1essT3X4yJFumPQ
Alimentação Saudável,11 LUNCH IDEAS FOR STRONG FEEDING,Rodrigo Polesso,https://www.youtube.com/watch?v=nVyUFRPoae4&list=PL0ZwP-OIgrSymEKBIC1essT3X4yJFumPQ
Alimentação Saudável,GUIA DEFINITIVO P/ COMER BEM FORA DE CASA | Alimentação Forte!,Rodrigo Polesso,https://www.youtube.com/watch?v=J36nwkqwbiQ&list=PL0ZwP-OIgrSymEKBIC1essT3X4yJFumPQ
Alimentação Saudável,6 HEAVY SNACK IDEAS FOR ANY TIME,Rodrigo Polesso,https://www.youtube.com/watch?v=c71TxtN2afA&list=PL0ZwP-OIgrSymEKBIC1essT3X4yJFumPQ
Alimentação Saudável,STRONG DIET vs FLEXIBLE DIET - Which is better?,Rodrigo Polesso,https://www.youtube.com/watch?v=nc6n1b-Mf9Q&list=PL0ZwP-OIgrSymEKBIC1essT3X4yJFumPQ
Alimentação Saudável,My LUNCH today with STRONG (NUTRITIVE!) nutrition,Rodrigo Polesso,https://www.youtube.com/watch?v=OMJpgFVA9Do&list=PL0ZwP-OIgrSymEKBIC1essT3X4yJFumPQ
Alimentação Saudável,Quality Vs. Quantity in Food (Rodrigo Polesso on Record),Rodrigo Polesso,https://www.youtube.com/watch?v=SJWm95SB2Ns&list=PL0ZwP-OIgrSymEKBIC1essT3X4yJFumPQ
Alimentação Saudável,STRONG Nutrition: 4 Powerful Concepts of This Lifestyle,Rodrigo Polesso,https://www.youtube.com/watch?v=rsXrwxyQbNQ&list=PL0ZwP-OIgrSymEKBIC1essT3X4yJFumPQ
Alimentação Saudável,STRONG Food for CHILDREN (What to Eat for Health and Growth),Rodrigo Polesso,https://www.youtube.com/watch?v=l0G5RD8foiw&list=PL0ZwP-OIgrSymEKBIC1essT3X4yJFumPQ
Alimentação Saudável,"17 Snack Ideas to Take to Work (Controversial, Tasty, Nutritious, and Weight Loss)",Rodrigo Polesso,https://www.youtube.com/watch?v=mcb_bKD5OWU&list=PL0ZwP-OIgrSymEKBIC1essT3X4yJFumPQ
Alimentação Saudável,"How to Eat a Strong Diet for Weight Loss and Health (What to Eat, Foods and Benefits)",Rodrigo Polesso,https://www.youtube.com/watch?v=aSAQKXN9TE8&list=PL0ZwP-OIgrSymEKBIC1essT3X4yJFumPQ
Alimentação Saudável,Os 7 Alimentos Mais Danosos à Saúde (PARE de comer!),Rodrigo Polesso,https://www.youtube.com/watch?v=L0J_dsTAfP8&list=PL0ZwP-OIgrSymEKBIC1essT3X4yJFumPQ
Alimentação Saudável,DEU RUIM: O Que Aconteceu Quando Comi Só Carne por 30 Dias? Más Notícias para a Dieta Carnívora,Rodrigo Polesso,https://www.youtube.com/watch?v=QIzgAJrBOWc&list=PL0ZwP-OIgrSymEKBIC1essT3X4yJFumPQ
Alimentação Saudável,How to Lose MORE Weight Without Cutting Sweets Out of Your Diet,Rodrigo Polesso,https://www.youtube.com/watch?v=GkVBEDp0s08&list=PL0ZwP-OIgrSymEKBIC1essT3X4yJFumPQ
Alimentação Saudável,A Solução Definitiva para Gordura no Fígado? Esteatose Hepática Não Alcóolica (Estudo),Rodrigo Polesso,https://www.youtube.com/watch?v=RdczDTuCZH4&list=PL0ZwP-OIgrSymEKBIC1essT3X4yJFumPQ
Alimentação Saudável,Como ANIQUILAR a Fome a Noite e Emagrecer MAIS (5 Dicas que Funcionam),Rodrigo Polesso,https://www.youtube.com/watch?v=eTNfIBeBIXQ&list=PL0ZwP-OIgrSymEKBIC1essT3X4yJFumPQ
Alimentação Saudável,The Biggest Lie About Exercise for Weight Loss (What to Do Instead),Rodrigo Polesso,https://www.youtube.com/watch?v=RZEapbXUihE&list=PL0ZwP-OIgrSymEKBIC1essT3X4yJFumPQ
Alimentação Saudável,The HARD Truth About RUNNING to Lose Weight (What Happens to Your Body When Running for Weight Loss),Rodrigo Polesso,https://www.youtube.com/watch?v=IUSopfoANqE&list=PL0ZwP-OIgrSymEKBIC1essT3X4yJFumPQ
Alimentação Saudável,Why I'm Not Doing Low Carb Anymore (What Happened?) | Results and Tests,Rodrigo Polesso,https://www.youtube.com/watch?v=RtSEOG1o9z4&list=PL0ZwP-OIgrSymEKBIC1essT3X4yJFumPQ
Alimentação Saudável,The Smartest and Easiest Way to Lose Weight Once and for All (3 Stages),Rodrigo Polesso,https://www.youtube.com/watch?v=OodFrlR7CHU&list=PL0ZwP-OIgrSymEKBIC1essT3X4yJFumPQ
Alimentação Saudável,Porque NÃO Faço Mais Low Carb Há 3 Anos,Rodrigo Polesso,https://www.youtube.com/watch?v=-2hTcQphH1E&list=PL0ZwP-OIgrSymEKBIC1essT3X4yJFumPQ
Alimentação Saudável,How to Lose Weight on a Full Stomach and Without Suffering (New Paradigm),Rodrigo Polesso,https://www.youtube.com/watch?v=iV6bcKBW91Q&list=PL0ZwP-OIgrSymEKBIC1essT3X4yJFumPQ
Alimentação Saudável,Como Comer BEM e Não Engordar Nas Festas de Fim de Ano?,Rodrigo Polesso,https://www.youtube.com/watch?v=slUjLf4Ci-A&list=PL0ZwP-OIgrSymEKBIC1essT3X4yJFumPQ
Alimentação Saudável,O Que Fazer Se o Peso Não Sai Do Lugar Mesmo Comendo Pouco,Rodrigo Polesso,https://www.youtube.com/watch?v=Y8cbI_Ygwcc&list=PL0ZwP-OIgrSymEKBIC1essT3X4yJFumPQ
Alimentação Saudável,How to LOSE WEIGHT FOREVER in 2023 by Doing It Differently (A Load of Tips!),Rodrigo Polesso,https://www.youtube.com/watch?v=gYQkPFn1MqU&list=PL0ZwP-OIgrSymEKBIC1essT3X4yJFumPQ
Alimentação Saudável,How to LOSE WEIGHT FOREVER in 2023,Rodrigo Polesso,https://www.youtube.com/watch?v=b2azesbUMy0&list=PL0ZwP-OIgrSymEKBIC1essT3X4yJFumPQ
Alimentação Saudável,What Would I Eat to Lose 20kg Easily? (15 Foods),Rodrigo Polesso,https://www.youtube.com/watch?v=ywfMDiWW1U0&list=PL0ZwP-OIgrSymEKBIC1essT3X4yJFumPQ
Alimentação Saudável,How to Lose Weight Without Gaining It All Back? The Solution to the Yo-Yo Effect,Rodrigo Polesso,https://www.youtube.com/watch?v=nZKMT9eNrJs&list=PL0ZwP-OIgrSymEKBIC1essT3X4yJFumPQ
Alimentação Saudável,How Your Age Affects Your Weight | Can You Lose Weight After 30?,Rodrigo Polesso,https://www.youtube.com/watch?v=CHcT0ehssJQ&list=PL0ZwP-OIgrSymEKBIC1essT3X4yJFumPQ
Alimentação Saudável,How to Lose Weight WITHOUT Gaining It All Back?,Rodrigo Polesso,https://www.youtube.com/watch?v=qo3xv-c9nW8&list=PL0ZwP-OIgrSymEKBIC1essT3X4yJFumPQ
Alimentação Saudável,The 12 Most Contaminated Fruits and Vegetables and the 15 Least Contaminated (What to Buy Organic),Rodrigo Polesso,https://www.youtube.com/watch?v=QjEtVE6L7iA&list=PL0ZwP-OIgrSymEKBIC1essT3X4yJFumPQ
Alimentação Saudável,How Does Your Age Affect Your Weight?,Rodrigo Polesso,https://www.youtube.com/watch?v=li5U_M-uYEQ&list=PL0ZwP-OIgrSymEKBIC1essT3X4yJFumPQ
Alimentação Saudável,The most contaminated fruits and vegetables!,Rodrigo Polesso,https://www.youtube.com/watch?v=F6T-78PE5vU&list=PL0ZwP-OIgrSymEKBIC1essT3X4yJFumPQ
Alimentação Saudável,A Nova Pirâmide Alimentar para ENGORDAR? Fuja Dela!,Rodrigo Polesso,https://www.youtube.com/watch?v=f7sjFdLgC-0&list=PL0ZwP-OIgrSymEKBIC1essT3X4yJFumPQ
Alimentação Saudável,5 Coisas Que TRAVAM Seu Emagrecimento (RESOLVA!),Rodrigo Polesso,https://www.youtube.com/watch?v=zhc9irCyY24&list=PL0ZwP-OIgrSymEKBIC1essT3X4yJFumPQ
Alimentação Saudável,"AFTER ALL, WHAT TO EAT TO LOSE WEIGHT? (Examples and a Great Truth)",Rodrigo Polesso,https://www.youtube.com/watch?v=OAf4geListo&list=PL0ZwP-OIgrSymEKBIC1essT3X4yJFumPQ
Alimentação Saudável,My BIGGEST and BEST Healthy Weight Loss Tip (It really works!),Rodrigo Polesso,https://www.youtube.com/watch?v=bf6f87s398Y&list=PL0ZwP-OIgrSymEKBIC1essT3X4yJFumPQ
Alimentação Saudável,"AFINAL, O QUE COMER PARA EMAGRECER?",Rodrigo Polesso,https://www.youtube.com/watch?v=hgoANNKke48&list=PL0ZwP-OIgrSymEKBIC1essT3X4yJFumPQ
Alimentação Saudável,7 Formas de Comer Fígado Sem Sentir o Gosto (Por que Comer?),Rodrigo Polesso,https://www.youtube.com/watch?v=rCTKvCz_5kc&list=PL0ZwP-OIgrSymEKBIC1essT3X4yJFumPQ
Alimentação Saudável,My Biggest and Best Weight Loss Tip,Rodrigo Polesso,https://www.youtube.com/watch?v=dj_t-5OreyQ&list=PL0ZwP-OIgrSymEKBIC1essT3X4yJFumPQ
Alimentação Saudável,7 Alimentos pra NUNCA Mais Comer De Novo (o que comer ao invés),Rodrigo Polesso,https://www.youtube.com/watch?v=NQ694nqoQLA&list=PL0ZwP-OIgrSymEKBIC1essT3X4yJFumPQ
Alimentação Saudável,THE REAL SUPERFOOD!,Rodrigo Polesso,https://www.youtube.com/watch?v=l-Ttne9055M&list=PL0ZwP-OIgrSymEKBIC1essT3X4yJFumPQ
Alimentação Saudável,O Que Acontece Quando Você Toma SUCO VERDE? (Boas e Más Notícias),Rodrigo Polesso,https://www.youtube.com/watch?v=rdzATn9rGU8&list=PL0ZwP-OIgrSymEKBIC1essT3X4yJFumPQ
Alimentação Saudável,7 Foods to NEVER Eat Again,Rodrigo Polesso,https://www.youtube.com/watch?v=gbEu2S5FAM4&list=PL0ZwP-OIgrSymEKBIC1essT3X4yJFumPQ
Alimentação Saudável,Porque DIETA Te Deixa MAIS GORDO (o que fazer ao invés),Rodrigo Polesso,https://www.youtube.com/watch?v=Bmu43DgVFts&list=PL0ZwP-OIgrSymEKBIC1essT3X4yJFumPQ
Alimentação Saudável,WHY DON'T I DRINK GREEN JUICE?,Rodrigo Polesso,https://www.youtube.com/watch?v=02bW_xamnbE&list=PL0ZwP-OIgrSymEKBIC1essT3X4yJFumPQ
Alimentação Saudável,O Que Acontece no Corpo ao Comer 3 Ovos Por Dia? (3 Mega Benefícios),Rodrigo Polesso,https://www.youtube.com/watch?v=rVjtQ5_b4yQ&list=PL0ZwP-OIgrSymEKBIC1essT3X4yJFumPQ
Alimentação Saudável,Why does DIET make you FATTER?,Rodrigo Polesso,https://www.youtube.com/watch?v=u0aEjXlwhyA&list=PL0ZwP-OIgrSymEKBIC1essT3X4yJFumPQ
Alimentação Saudável,9 Péssimas Bebidas p/ Nunca Mais Beber De Novo!,Rodrigo Polesso,https://www.youtube.com/watch?v=TKDmEUrszu8&list=PL0ZwP-OIgrSymEKBIC1essT3X4yJFumPQ
Alimentação Saudável,3 EGGS A DAY!,Rodrigo Polesso,https://www.youtube.com/watch?v=OdK-SxWfX-M&list=PL0ZwP-OIgrSymEKBIC1essT3X4yJFumPQ
Alimentação Saudável,9 Bebidas p/ NUNCA MAIS Beber!,Rodrigo Polesso,https://www.youtube.com/watch?v=MzliubVJsMc&list=PL0ZwP-OIgrSymEKBIC1essT3X4yJFumPQ
Alimentação Saudável,O Que Acontece No Corpo Ao COMER MANTEIGA Todo Dia?,Rodrigo Polesso,https://www.youtube.com/watch?v=Hs8jz_TBUd0&list=PL0ZwP-OIgrSymEKBIC1essT3X4yJFumPQ
Alimentação Saudável,Binge Eating (Solution),Rodrigo Polesso,https://www.youtube.com/watch?v=m2Al0Bp7tms&list=PL0ZwP-OIgrSymEKBIC1essT3X4yJFumPQ
Alimentação Saudável,As 7 Melhores FRUTAS DOCES para EMAGRECER + Dicas de Como Comer,Rodrigo Polesso,https://www.youtube.com/watch?v=BIpBEp3v2pA&list=PL0ZwP-OIgrSymEKBIC1essT3X4yJFumPQ
Alimentação Saudável,BUTTER EVERY DAY!,Rodrigo Polesso,https://www.youtube.com/watch?v=_uUi3lpOu9Y&list=PL0ZwP-OIgrSymEKBIC1essT3X4yJFumPQ
Alimentação Saudável,Ingredientes “Escondidos” que SABOTAM o Emagrecimento (Quais são e Como Evitá-los),Rodrigo Polesso,https://www.youtube.com/watch?v=AKcCm4pMCJA&list=PL0ZwP-OIgrSymEKBIC1essT3X4yJFumPQ
Alimentação Saudável,FRUTAS DOCES PARA EMAGRECER,Rodrigo Polesso,https://www.youtube.com/watch?v=inZ504oRdOE&list=PL0ZwP-OIgrSymEKBIC1essT3X4yJFumPQ
Alimentação Saudável,3 Powers of Meat That DESTROY Any Salad,Rodrigo Polesso,https://www.youtube.com/watch?v=x2PVLYXEKtI&list=PL0ZwP-OIgrSymEKBIC1essT3X4yJFumPQ
Alimentação Saudável,Additives that MAKE YOU FAT!,Rodrigo Polesso,https://www.youtube.com/watch?v=cx3oZfgE__g&list=PL0ZwP-OIgrSymEKBIC1essT3X4yJFumPQ
Alimentação Saudável,3 POWERS OF THE FLESH!,Rodrigo Polesso,https://www.youtube.com/watch?v=uocMyImQt7U&list=PL0ZwP-OIgrSymEKBIC1essT3X4yJFumPQ
Alimentação Saudável,5 Regras Que Eu Sempre Sigo Pra Emagrecer Sem Falhar (Tente em Você!),Rodrigo Polesso,https://www.youtube.com/watch?v=EGbkHbdCTZs&list=PL0ZwP-OIgrSymEKBIC1essT3X4yJFumPQ
Alimentação Saudável,How Do I Lose Weight Faster and Without a Plateau? (Unlike the rest),Rodrigo Polesso,https://www.youtube.com/watch?v=lDiuJwk8aeY&list=PL0ZwP-OIgrSymEKBIC1essT3X4yJFumPQ
Alimentação Saudável,5 RULES FOR WEIGHT LOSS,Rodrigo Polesso,https://www.youtube.com/watch?v=MSkXyLX4UO8&list=PL0ZwP-OIgrSymEKBIC1essT3X4yJFumPQ
Alimentação Saudável,8 ERROS & 8 ACERTOS Para Emagrecer De Vez (metabolicamente),Rodrigo Polesso,https://www.youtube.com/watch?v=pZasTcoah1o&list=PL0ZwP-OIgrSymEKBIC1essT3X4yJFumPQ
Alimentação Saudável,6 Drinks You Can Consume Without Fear!,Rodrigo Polesso,https://www.youtube.com/watch?v=PKPpBX_f7i0&list=PL0ZwP-OIgrSymEKBIC1essT3X4yJFumPQ
Alimentação Saudável,O que Acontece no Corpo ao Cortar Industrializados Por 30 Dias?,Rodrigo Polesso,https://www.youtube.com/watch?v=aNhPCep3awM&list=PL0ZwP-OIgrSymEKBIC1essT3X4yJFumPQ
Alimentação Saudável,As Melhores PROTEÍNAS p/ Emagrecimento Fácil e Saúde de Ferro (Alimentação Forte),Rodrigo Polesso,https://www.youtube.com/watch?v=nQzfhoxwN8k&list=PL0ZwP-OIgrSymEKBIC1essT3X4yJFumPQ
Alimentação Saudável,Are you up for this challenge?,Rodrigo Polesso,https://www.youtube.com/watch?v=RwZUZLPK9qQ&list=PL0ZwP-OIgrSymEKBIC1essT3X4yJFumPQ
Alimentação Saudável,Cut Out These Foods For 30 Days!,Rodrigo Polesso,https://www.youtube.com/watch?v=DlYQxbFRiMc&list=PL0ZwP-OIgrSymEKBIC1essT3X4yJFumPQ
Alimentação Saudável,PROTEINS! WHICH AND HOW MUCH TO EAT?,Rodrigo Polesso,https://www.youtube.com/watch?v=AOAQ6qCRXXI&list=PL0ZwP-OIgrSymEKBIC1essT3X4yJFumPQ
Alimentação Saudável,“AGREED!”,Rodrigo Polesso,https://www.youtube.com/watch?v=1OsgZL7kXis&list=PL0ZwP-OIgrSymEKBIC1essT3X4yJFumPQ
Alimentação Saudável,Como Eu Faria p/ Reverter Naturalmente a Resistência à Insulina?,Rodrigo Polesso,https://www.youtube.com/watch?v=zBLKasteK4Q&list=PL0ZwP-OIgrSymEKBIC1essT3X4yJFumPQ
Alimentação Saudável,O Que Acontece no Corpo se Comer Carne Vermelha Todos os Dias?,Rodrigo Polesso,https://www.youtube.com/watch?v=mM5lynp0T5k&list=PL0ZwP-OIgrSymEKBIC1essT3X4yJFumPQ
